,City,Lat,Lng,Max Temp,Humidity,Cloudiness,Wind Speed,Country,Date
0,Indiaroba,-11.5192,-37.5117,295.62,91,90,1.72,BR,1634528750
1,Hobart,-42.8794,147.3294,290.38,71,75,0.45,AU,1634528664
2,Bredasdorp,-34.5322,20.0403,281.56,73,9,1.58,ZA,1634528753
3,Georgetown,6.8045,-58.1553,297.31,83,67,3.18,GY,1634528755
4,Atambua,-9.1061,124.8925,304.31,55,36,2.87,ID,1634528758
5,Punta Arenas,-53.15,-70.9167,282.21,76,0,12.86,CL,1634528759
6,Siyabuswa,-25.1132,29.0445,291.21,71,100,3.01,ZA,1634528761
7,Walvis Bay,-22.9575,14.5053,285.42,87,1,5.14,NA,1634528764
8,Hirado,33.3597,129.5531,293.79,54,97,5.43,JP,1634528671
9,Ushuaia,-54.8,-68.3,281.96,66,20,5.14,AR,1634528757
10,Comodoro Rivadavia,-45.8667,-67.5,286.07,47,0,5.66,AR,1634528767
11,Carnarvon,-24.8667,113.6333,297.19,38,8,4.12,AU,1634528701
12,Albany,42.6526,-73.7562,284.36,82,75,0.89,US,1634528771
13,Marabba,12.35,32.1833,300.24,48,1,2.8,SD,1634528773
14,West Bay,19.3667,-81.4167,301.48,80,20,2.57,KY,1634528775
15,Kapaa,22.0752,-159.319,300.14,81,75,0.89,US,1634528777
16,Butaritari,3.0707,172.7902,300.83,71,22,4.48,KI,1634528780
17,Egvekinot,66.3167,-179.1667,264.01,77,100,2.66,RU,1634528782
18,Pevek,69.7008,170.3133,258.64,98,97,2.02,RU,1634528784
19,Atasu,48.6814,71.6433,280.64,36,2,3.82,KZ,1634528786
20,Olinda,-8.0089,-34.8553,300.0,74,40,3.6,BR,1634528787
21,New Norfolk,-42.7826,147.0587,290.18,48,97,1.79,AU,1634528789
22,Rikitea,-23.1203,-134.9692,297.36,76,7,7.1,PF,1634528790
23,Guerrero Negro,27.9769,-114.0611,293.24,75,100,4.81,MX,1634528793
24,Torbay,47.6666,-52.7314,280.14,97,90,1.54,CA,1634528794
25,Hermanus,-34.4187,19.2345,284.21,70,1,2.84,ZA,1634528796
26,Atuona,-9.8,-139.0333,298.72,77,88,8.79,PF,1634528802
27,Savannah Bight,16.45,-85.85,298.71,72,93,2.93,HN,1634528804
28,Tarbes,43.2333,0.0833,285.61,87,0,3.09,FR,1634528805
29,Busselton,-33.65,115.3333,294.84,69,22,6.43,AU,1634528807
30,Luderitz,-26.6481,15.1594,289.75,36,44,6.17,NA,1634528808
31,Arraial do Cabo,-22.9661,-42.0278,294.06,86,100,1.55,BR,1634528811
32,Qaanaaq,77.484,-69.3632,268.76,68,100,5.61,GL,1634528813
33,Touros,-5.1989,-35.4608,297.65,80,48,5.16,BR,1634528816
34,Te Anau,-45.4167,167.7167,289.29,49,9,2.82,NZ,1634528818
35,Skagen,57.7209,10.5839,279.31,51,22,2.14,DK,1634528819
36,Jamestown,42.097,-79.2353,285.1,90,90,1.34,US,1634528821
37,Labuhan,-6.8844,112.2051,304.81,60,78,4.92,ID,1634528823
38,Saldanha,-33.0117,17.9442,281.18,71,0,6.7,ZA,1634528824
39,Barrow,71.2906,-156.7887,267.16,68,90,0.0,US,1634528826
40,Bay Roberts,47.5999,-53.2648,280.56,94,91,0.45,CA,1634528828
41,Mogadishu,2.0371,45.3438,299.08,89,40,5.94,SO,1634528702
42,Mar del Plata,-38.0023,-57.5575,284.82,37,0,4.92,AR,1634528745
43,Hasaki,35.7333,140.8333,291.09,54,98,7.46,JP,1634528658
44,Lianzhou,24.7811,112.3825,296.17,57,63,1.04,CN,1634528832
45,Potoci,43.4086,17.8786,278.88,100,20,0.51,BA,1634528834
46,Bluff,-46.6,168.3333,285.12,65,8,7.2,NZ,1634528836
47,Abha,18.2164,42.5053,288.05,25,0,0.0,SA,1634528839
48,Upernavik,72.7868,-56.1549,268.08,49,47,2.38,GL,1634528841
49,Vaini,-21.2,-175.2,300.24,83,40,5.14,TO,1634528843
50,Teguise,29.0605,-13.564,292.27,40,0,2.06,ES,1634528845
51,Anloga,5.7947,0.8973,299.27,84,100,6.3,GH,1634528847
52,Turiacu,-1.6633,-45.3717,297.07,89,31,1.9,BR,1634528849
53,Obo,5.3998,26.4869,293.39,96,100,0.84,CF,1634528852
54,Tuktoyaktuk,69.4541,-133.0374,270.15,93,75,2.57,CA,1634528854
55,Cascais,38.6979,-9.4215,292.28,84,100,0.45,PT,1634528856
56,Dicabisagan,17.0818,122.4157,301.75,72,99,2.02,PH,1634528858
57,Mantua,22.2889,-84.2844,296.95,77,68,2.65,CU,1634528859
58,Jutai,-5.1833,-68.9,295.65,99,90,0.34,BR,1634528860
59,Castro,-24.7911,-50.0119,286.25,98,100,3.1,BR,1634528862
60,Khorixas,-20.3667,14.9667,289.42,36,6,3.06,NA,1634528864
61,Tezu,27.9167,96.1667,305.51,46,17,1.57,IN,1634528866
62,Majene,-3.5403,118.9707,303.25,66,24,1.63,ID,1634528867
63,Severo-Kurilsk,50.6789,156.125,278.47,86,81,17.69,RU,1634528869
64,Berbera,10.4396,45.0143,303.23,60,99,0.44,SO,1634528703
65,Ribeira Grande,38.5167,-28.7,294.4,80,17,7.03,PT,1634528872
66,Saskylakh,71.9167,114.0833,265.73,95,100,3.66,RU,1634528875
67,Vilhena,-12.7406,-60.1458,293.88,95,100,1.11,BR,1634528877
68,Hilo,19.7297,-155.09,298.31,91,90,4.12,US,1634528879
69,Thompson,55.7435,-97.8558,280.24,70,75,1.54,CA,1634528881
70,Cabo San Lucas,22.8909,-109.9124,300.71,81,6,5.21,MX,1634528883
71,Hambantota,6.1241,81.1185,303.34,74,20,5.14,LK,1634528884
72,Yellowknife,62.456,-114.3525,273.94,100,75,2.57,CA,1634528886
73,Maksatikha,57.797,35.8825,275.77,95,91,2.83,RU,1634528888
74,Anadyr,64.75,177.4833,270.43,92,90,7.6,RU,1634528891
75,Poronaysk,49.2167,143.1167,276.45,44,48,6.24,RU,1634528894
76,Shimanovsk,52.0,127.7,272.18,29,0,3.77,RU,1634528895
77,Komsomolskiy,40.4272,71.7189,287.55,44,100,3.09,UZ,1634528897
78,Dali,25.7,100.1833,292.78,66,68,1.94,CN,1634528898
79,Aripuana,-9.1667,-60.6333,296.4,95,100,0.9,BR,1634528899
80,Talnakh,69.4865,88.3972,274.26,100,100,4.76,RU,1634528902
81,Kolobrzeg,54.1757,15.5834,282.02,100,98,1.92,PL,1634528904
82,Flinders,-34.5833,150.8552,300.26,51,0,3.13,AU,1634528906
83,Ponta do Sol,32.6667,-17.1,293.71,76,58,0.91,PT,1634528907
84,Iwaki,37.05,140.8833,289.69,53,28,0.89,JP,1634528755
85,Poso,-1.3959,120.7524,304.59,60,13,2.41,ID,1634528910
86,Sembakung,3.8167,117.25,303.11,50,58,0.91,ID,1634528910
87,Exu,-7.5119,-39.7242,301.38,54,85,2.67,BR,1634528911
88,Vardo,70.3705,31.1107,274.26,77,99,15.22,NO,1634528913
89,Beloha,-25.1667,45.05,296.99,73,0,0.8,MG,1634528916
90,Hovd,48.0056,91.6419,278.66,35,52,0.96,MN,1634528919
91,Iseyin,7.9667,3.6,296.0,93,100,1.97,NG,1634528919
92,Ancud,-41.8697,-73.8203,282.27,86,47,1.15,CL,1634528923
93,Tambacounda,13.7539,-13.7586,299.18,83,0,4.12,SN,1634528925
94,Mehamn,71.0357,27.8492,275.12,64,75,11.32,NO,1634528927
95,Cape Town,-33.9258,18.4232,284.88,73,0,1.34,ZA,1634528803
96,Tiksi,71.6872,128.8694,262.26,87,99,5.14,RU,1634528929
97,East London,-33.0153,27.9116,283.67,81,40,4.63,ZA,1634528921
98,Chenzhou,25.8,113.0333,289.89,77,98,0.43,CN,1634528670
99,Hithadhoo,-0.6,73.0833,300.92,76,91,4.95,MV,1634528934
100,Leningradskiy,69.3833,178.4167,262.17,95,100,0.3,RU,1634528936
101,Natal,-5.795,-35.2094,298.27,94,20,2.06,BR,1634528663
102,Rio Gallegos,-51.6226,-69.2181,276.18,87,0,4.12,AR,1634528939
103,Sitka,57.0531,-135.33,281.09,49,90,5.66,US,1634528941
104,Zhangjiakou,40.81,114.8794,284.93,22,45,3.69,CN,1634528943
105,Lavrentiya,65.5833,-171.0,267.65,71,35,4.18,RU,1634528944
106,Longyearbyen,78.2186,15.6401,266.06,73,40,1.54,SJ,1634528946
107,Lebu,-37.6167,-73.65,282.93,88,0,8.0,CL,1634528949
108,Senno,59.5336,33.9167,272.18,93,32,3.93,RU,1634528951
109,Cruzeiro do Sul,-29.5128,-51.9853,286.47,91,3,0.64,BR,1634528953
110,Kinshasa,-4.3246,15.3215,297.33,83,75,0.0,CD,1634528955
111,Port Alfred,-33.5906,26.891,285.53,69,63,4.11,ZA,1634528960
112,Iqaluit,63.7506,-68.5145,274.0,86,75,8.05,CA,1634528963
113,Catuday,16.2923,119.8062,302.68,63,41,2.24,PH,1634528966
114,Bloemfontein,-29.1211,26.214,275.86,65,0,1.03,ZA,1634528967
115,Pontianak,-0.0333,109.3333,303.14,74,75,2.06,ID,1634528969
116,Phatthalung,7.6179,100.0779,302.19,77,100,2.16,TH,1634528970
117,Leh,34.1667,77.5833,279.27,65,100,1.63,IN,1634528970
118,Chuy,-33.6971,-53.4616,282.69,80,47,2.25,UY,1634528971
119,San Rafael,-34.6177,-68.3301,286.43,33,0,1.59,AR,1634528973
120,Vao,-22.6667,167.4833,296.3,87,100,5.07,NC,1634528975
121,Panguna,-6.3164,155.4848,298.73,69,84,0.77,PG,1634528977
122,Yulara,-25.2406,130.9889,309.06,9,8,4.12,AU,1634528979
123,Cherskiy,68.75,161.3,250.9,100,85,1.0,RU,1634528980
124,Tabou,4.423,-7.3528,298.03,89,69,2.72,CI,1634528982
125,Sola,-13.8833,167.55,304.52,74,75,3.6,VU,1634528985
126,Abbeville,50.1,1.8333,281.76,73,76,3.21,FR,1634528898
127,Shugurovo,54.5083,52.1326,281.75,97,100,3.28,RU,1634528987
128,Okhotsk,59.3833,143.3,266.98,57,7,9.72,RU,1634528989
129,Laguna,38.421,-121.4238,288.01,83,90,2.24,US,1634528991
130,Bykovo,55.6361,38.0803,279.49,87,75,3.0,RU,1634528994
131,Dakar,14.6937,-17.4441,299.64,94,100,0.0,SN,1634528996
132,Dikson,73.5069,80.5464,272.52,99,100,3.02,RU,1634528998
133,Doctor Mora,21.1417,-100.3125,286.6,93,83,2.11,MX,1634529000
134,Katsina,12.9894,7.6006,297.95,69,18,2.27,NG,1634528950
135,Maragogi,-9.0122,-35.2225,297.49,84,77,3.43,BR,1634529003
136,Tilichiki,60.4667,166.1,272.41,96,100,11.62,RU,1634529005
137,Pisco,-13.7,-76.2167,289.18,82,98,5.66,PE,1634529007
138,Palmer,42.1584,-72.3287,284.63,71,53,3.53,US,1634529009
139,Nadadores,27.05,-101.6,292.73,44,3,1.64,MX,1634529012
140,Ottawa,45.4112,-75.6981,281.21,86,75,1.79,CA,1634528792
141,Honavar,14.2833,74.45,300.96,77,59,2.67,IN,1634529014
142,Urucui,-7.2294,-44.5561,302.65,43,97,0.45,BR,1634529015
143,Port Hedland,-20.3167,118.5667,304.18,42,16,7.2,AU,1634529017
144,Half Moon Bay,37.4636,-122.4286,286.71,87,90,2.57,US,1634529018
145,Kindu,-2.95,25.95,293.38,99,89,0.43,CD,1634529020
146,Porlamar,10.958,-63.8491,300.21,89,20,4.09,VE,1634529022
147,Katsuura,35.1333,140.3,292.7,63,89,8.27,JP,1634528749
148,Hailar,49.2,119.7,273.51,47,6,2.83,CN,1634528781
149,Avarua,-21.2078,-159.775,297.18,83,75,2.57,CK,1634529025
150,Lima,-12.0432,-77.0282,289.76,84,40,4.63,PE,1634529028
151,Loreto,22.2667,-101.9667,287.83,75,10,4.93,MX,1634529031
152,Bogandinskiy,56.8937,65.8938,275.3,68,99,2.98,RU,1634529033
153,Puerto Ayora,-0.7393,-90.3518,293.46,94,100,2.24,EC,1634529035
154,Okahandja,-21.9833,16.9167,286.95,14,0,9.26,NA,1634529037
155,Tsiroanomandidy,-18.7667,46.0333,293.51,40,6,1.76,MG,1634529040
156,Iquique,-20.2208,-70.1431,288.17,77,46,1.22,CL,1634529042
157,Bambous Virieux,-20.3428,57.7575,297.71,73,40,6.69,MU,1634529044
158,Maniitsoq,65.4167,-52.9,273.25,40,2,4.6,GL,1634529047
159,Bengkulu,-3.8004,102.2655,298.34,87,100,2.33,ID,1634528996
160,Auki,-8.7676,160.7034,301.6,71,32,1.44,SB,1634529051
161,Hami,42.8,93.45,288.44,16,0,4.27,CN,1634529052
162,Marsh Harbour,26.5412,-77.0636,299.85,67,15,9.4,BS,1634529053
163,Camabatela,-8.1881,15.375,289.74,95,84,1.49,AO,1634529055
164,Saint-Philippe,-21.3585,55.7679,298.97,77,49,6.93,RE,1634529057
165,Sao Filipe,14.8961,-24.4956,298.85,76,0,3.85,CV,1634529059
166,Tottori,35.5,134.2333,291.19,45,20,5.14,JP,1634529013
167,Alofi,-19.0595,-169.9187,300.09,74,22,7.2,NU,1634529063
168,Saint-Francois,46.4154,3.9054,277.41,100,90,1.54,FR,1634529066
169,Souillac,-20.5167,57.5167,297.79,73,40,6.69,MU,1634529068
170,Codrington,-38.2667,141.9667,287.48,69,92,7.67,AU,1634529070
171,Sur,22.5667,59.5289,301.72,33,0,0.9,OM,1634529071
172,Aklavik,68.2191,-135.0107,267.61,86,13,3.48,CA,1634529073
173,Maturin,9.75,-63.1767,296.8,97,40,1.5,VE,1634529076
174,Gilgit,35.9221,74.3087,290.88,51,8,0.37,PK,1634529077
175,Mumford,5.2618,-0.759,298.7,85,59,4.22,GH,1634529074
176,Humberto de Campos,-2.5983,-43.4611,299.15,83,84,2.87,BR,1634529079
177,Nouakchott,18.0858,-15.9785,301.7,34,24,2.13,MR,1634529067
178,Tasiilaq,65.6145,-37.6368,265.81,43,77,6.55,GL,1634529083
179,Cayenne,4.9333,-52.3333,300.98,85,48,0.0,GF,1634529085
180,Mendoza,-32.8908,-68.8272,288.89,55,0,2.06,AR,1634529087
181,Paragould,36.0584,-90.4973,285.06,49,0,2.05,US,1634529089
182,Makokou,0.5738,12.8642,294.13,99,98,1.11,GA,1634529091
183,Khatanga,71.9667,102.5,273.66,99,100,5.23,RU,1634529093
184,Sinnamary,5.3833,-52.95,299.33,86,61,3.44,GF,1634529095
185,Hualmay,-11.0964,-77.6139,289.93,88,100,3.85,PE,1634529097
186,Fortuna,40.5982,-124.1573,283.38,75,90,0.0,US,1634529099
187,Padang,-0.9492,100.3543,301.18,70,100,1.46,ID,1634529033
188,Sao Joao da Barra,-21.6403,-41.0511,294.24,91,99,3.65,BR,1634529102
189,San Quintin,30.4833,-115.95,290.72,83,0,4.05,MX,1634529104
190,Kitama,-10.7167,39.7333,295.79,78,93,2.8,TZ,1634529105
191,Vestmannaeyjar,63.4427,-20.2734,280.69,90,100,14.1,IS,1634529108
192,Silifke,36.3778,33.9344,292.09,53,0,3.0,TR,1634529109
193,Havre-Saint-Pierre,50.2334,-63.5986,285.48,93,90,11.83,CA,1634529112
194,Kruisfontein,-34.0033,24.7314,282.53,83,67,3.12,ZA,1634529114
195,Pekan,3.4836,103.3996,304.21,62,100,1.04,MY,1634529116
196,Tiarei,-17.5333,-149.3333,301.16,76,37,8.98,PF,1634529117
197,Stornoway,58.2093,-6.3865,285.33,94,90,3.6,GB,1634529120
198,Loa Janan,-0.583,117.095,304.5,60,100,2.21,ID,1634529123
199,Medvedka,61.1629,46.387,276.39,77,98,4.57,RU,1634529124
200,Havre,48.55,-109.6841,286.49,26,1,1.54,US,1634529126
201,Norman Wells,65.282,-126.8329,271.17,93,90,1.03,CA,1634529128
202,Santa Fe,35.687,-105.9378,287.37,35,75,1.79,US,1634529130
203,Carballo,43.213,-8.691,293.98,92,100,3.62,ES,1634529131
204,Eyl,7.9803,49.8164,299.17,75,100,5.08,SO,1634529133
205,Cabedelo,-6.9811,-34.8339,298.52,81,76,4.62,BR,1634529135
206,Dharangaon,21.0167,75.2667,300.57,66,72,5.6,IN,1634529138
207,Tazovskiy,67.4667,78.7,275.29,97,100,7.77,RU,1634529139
208,Salalah,17.0151,54.0924,298.38,72,49,0.49,OM,1634529141
209,Saint-Pierre,-21.3393,55.4781,299.02,65,0,0.0,RE,1634529143
210,Port Elizabeth,-33.918,25.5701,283.76,87,0,3.09,ZA,1634529019
211,Kodiak,57.79,-152.4072,278.22,97,100,14.15,US,1634529147
212,Bullhead City,35.1478,-114.5683,299.31,15,1,6.17,US,1634529149
213,Lompoc,34.6391,-120.4579,288.76,81,1,1.54,US,1634529151
214,Brigantine,39.4101,-74.3646,285.94,76,1,4.12,US,1634529152
215,Novichikha,52.204,81.3877,279.25,53,27,2.21,RU,1634529155
216,Maumere,-8.6199,122.2111,303.57,67,21,2.22,ID,1634528994
217,Berlevag,70.8578,29.0864,275.15,77,100,13.23,NO,1634529158
218,Navahrudak,53.6,25.8333,276.98,85,94,4.58,BY,1634529161
219,Onguday,50.75,86.15,278.97,51,9,1.23,RU,1634529163
220,Ostrovnoy,68.0531,39.5131,276.77,81,100,3.1,RU,1634529164
221,Narsaq,60.9167,-46.05,270.54,40,59,4.05,GL,1634529166
222,Jeremie,18.65,-74.1167,300.08,81,30,1.21,HT,1634529168
223,Puerto Baquerizo Moreno,-0.9,-89.6,293.96,86,98,4.77,EC,1634529169
224,Ahipara,-35.1667,173.1667,290.71,71,1,3.32,NZ,1634529171
225,Khandyga,62.6667,135.6,261.72,65,59,0.76,RU,1634529174
226,Arnissa,40.8,21.8333,284.3,93,60,0.82,GR,1634529177
227,Sovetskiy,61.3614,63.5842,277.35,81,95,4.18,RU,1634529179
228,Kungurtug,50.5994,97.5228,276.41,42,1,0.39,RU,1634529181
229,Lagoa,39.05,-27.9833,293.67,83,1,7.85,PT,1634529182
230,Port-Cartier,50.0334,-66.8654,282.45,98,99,2.25,CA,1634529184
231,Provideniya,64.3833,-173.3,270.21,59,90,2.0,RU,1634529187
232,Braintree,51.8782,0.5529,284.55,94,100,3.2,GB,1634529189
233,Tual,-5.6667,132.75,302.0,71,36,2.93,ID,1634529191
234,Richards Bay,-28.783,32.0377,288.16,85,100,5.68,ZA,1634529191
235,Lata,40.1629,-8.3327,292.06,95,100,0.81,PT,1634529194
236,Sisimiut,66.9395,-53.6735,269.91,43,2,9.25,GL,1634529195
237,Ilulissat,69.2167,-51.1,264.98,47,1,9.74,GL,1634529198
238,Tingi,-11.3,35.0333,291.09,75,71,3.25,TZ,1634529200
239,Bayburt,40.2589,40.2278,280.27,90,88,0.88,TR,1634529202
240,San Juan,-31.5375,-68.5364,290.39,27,14,8.05,AR,1634529205
241,Gualaquiza,-3.4,-78.55,289.83,98,30,0.61,EC,1634529207
242,Bethel,41.3712,-73.414,285.38,84,23,3.99,US,1634529209
243,Sabha,27.0377,14.4283,295.48,28,26,4.65,LY,1634529211
244,Ulaangom,49.9811,92.0667,278.35,42,0,1.21,MN,1634529213
245,Geraldton,-28.7667,114.6,297.38,38,0,5.66,AU,1634529092
246,Puerto Gaitan,4.3133,-72.0816,296.55,85,99,1.17,CO,1634529216
247,Nyurba,63.2842,118.3319,271.01,94,100,5.06,RU,1634529218
248,Owando,-0.4819,15.8999,295.21,93,100,1.19,CG,1634529220
249,Qurbus,36.8167,10.5687,289.34,74,0,2.0,TN,1634529222
250,Nanortalik,60.1432,-45.2371,273.29,96,96,1.44,GL,1634529224
251,Douentza,14.9951,-2.9517,301.95,27,44,0.97,ML,1634529226
252,Yicheng,31.3705,119.8703,288.43,67,100,3.01,CN,1634529228
253,Shingu,33.7333,135.9833,292.7,73,100,2.46,JP,1634529012
254,Namibe,-15.1961,12.1522,289.48,88,19,1.02,AO,1634529230
255,Puerto Ayacucho,5.6639,-67.6236,297.54,91,100,0.76,VE,1634529233
256,Buala,-8.145,159.5921,302.91,66,55,1.0,SB,1634529235
257,Dingle,10.9995,122.6711,303.45,72,37,4.07,PH,1634529237
258,Port-Gentil,-0.7193,8.7815,298.55,83,100,5.32,GA,1634529170
259,Deputatskiy,69.3,139.9,251.74,95,64,0.9,RU,1634529239
260,Cidreira,-30.1811,-50.2056,289.38,81,84,5.75,BR,1634529241
261,Dunedin,-45.8742,170.5036,285.26,73,90,0.45,NZ,1634529013
262,Carutapera,-1.195,-46.02,298.57,85,52,2.43,BR,1634529245
263,Mokhsogollokh,61.4681,128.9203,267.31,60,94,3.53,RU,1634529247
264,Poum,-20.2333,164.0167,297.99,82,100,3.16,NC,1634529249
265,Muros,42.7762,-9.0603,293.7,95,100,4.44,ES,1634529250
266,Pio IX,-6.8375,-40.5792,299.24,37,80,4.03,BR,1634529254
267,Roebourne,-20.7833,117.1333,303.22,31,4,5.96,AU,1634529256
268,Saint-Augustin,51.226,-58.6502,279.12,92,100,9.07,CA,1634529257
269,Grand-Santi,4.25,-54.3833,295.56,98,100,1.31,GF,1634529258
270,Marsa Matruh,31.3525,27.2453,290.26,77,0,1.03,EG,1634529260
271,Revda,56.801,59.9303,275.6,90,100,3.8,RU,1634529262
272,Jati,24.3539,68.2671,302.84,37,1,5.62,PK,1634529264
273,Srednekolymsk,67.45,153.6833,261.94,92,99,3.5,RU,1634529265
274,Kirsanov,52.6549,42.7224,278.05,85,76,2.64,RU,1634529267
275,Roald,62.5833,6.1333,276.67,93,37,4.63,NO,1634529269
276,North Bend,43.4065,-124.2243,284.1,95,90,4.63,US,1634529273
277,Vila Velha,-20.3297,-40.2925,296.12,78,90,2.06,BR,1634529275
278,Lyaskelya,61.7667,31.0167,275.63,93,100,4.31,RU,1634529277
279,Darasun,51.6667,114.0,275.45,40,0,3.55,RU,1634529279
280,Yarmouth,41.7057,-70.2286,287.02,80,1,8.94,US,1634529280
281,Baker City,44.7749,-117.8344,288.25,42,100,1.38,US,1634529281
282,Saint George,37.1041,-113.5841,293.34,32,1,2.68,US,1634529285
283,Sokolka,53.4072,23.5023,278.84,82,100,4.29,PL,1634529286
284,Omboue,-1.5746,9.2618,297.16,86,93,2.57,GA,1634529288
285,Awbari,26.5921,12.7805,296.03,19,10,2.47,LY,1634529290
286,Sucre,-19.0333,-65.2627,287.2,64,93,2.99,BO,1634529292
287,Skowhegan,44.7651,-69.7192,283.57,91,14,2.02,US,1634529294
288,Togur,58.3631,82.8265,277.81,79,99,3.31,RU,1634529297
289,Margate,51.3813,1.3862,286.99,88,100,0.45,GB,1634529299
290,Leshukonskoye,64.8989,45.7622,275.1,97,100,4.01,RU,1634529301
291,Victoria,48.4329,-123.3693,283.54,91,90,1.54,CA,1634529303
292,Thaba Nchu,-29.2093,26.839,275.03,56,0,2.79,ZA,1634529305
293,Tuatapere,-46.1333,167.6833,287.38,59,59,3.16,NZ,1634529307
294,Gogrial,8.5332,28.1004,295.84,85,12,1.46,SS,1634529308
295,Kirakira,-10.4544,161.9205,301.71,74,57,0.96,SB,1634529310
296,Teberda,43.4456,41.7448,282.31,96,100,0.47,RU,1634529311
297,Nampula,-15.1165,39.2666,293.12,88,20,4.12,MZ,1634529313
298,Dwarka,22.2394,68.9678,301.56,57,7,6.42,IN,1634529211
299,Minab,27.1467,57.0801,298.87,17,0,0.64,IR,1634529317
300,High Level,58.5169,-117.136,273.21,93,75,1.03,CA,1634529321
301,Klyuchi,52.2667,79.1667,279.88,56,74,3.19,RU,1634529323
302,Bandarbeyla,9.4942,50.8122,299.11,79,22,6.23,SO,1634529326
303,Abay,49.6311,72.8539,274.36,36,6,1.87,KZ,1634529329
304,Najran,17.4924,44.1277,290.51,19,16,0.93,SA,1634529329
305,Novorzhev,57.0294,29.3338,275.78,84,6,4.53,RU,1634529331
306,Mahajanga,-15.7167,46.3167,295.16,73,20,1.54,MG,1634529333
307,Kavieng,-2.5744,150.7967,303.25,64,65,5.7,PG,1634529335
308,Rio Grande,-32.035,-52.0986,283.68,73,0,2.12,BR,1634529337
309,Chokurdakh,70.6333,147.9167,251.78,100,82,1.07,RU,1634529340
310,Meylan,45.2199,5.7901,285.34,83,92,1.12,FR,1634529342
311,Nanakuli,21.3906,-158.1547,298.21,68,90,0.0,US,1634529344
312,La Ronge,55.1001,-105.2842,279.29,70,1,1.54,CA,1634529346
313,Farafangana,-22.8167,47.8333,295.95,76,8,4.91,MG,1634529348
314,Bangkal,6.0667,121.0667,303.1,68,26,0.78,PH,1634529350
315,Luganville,-15.5333,167.1667,300.44,79,100,2.27,VU,1634529351
316,Mitsamiouli,-11.3847,43.2844,298.31,78,20,7.72,KM,1634529352
317,Baghdad,33.3406,44.4009,291.1,59,0,2.57,IQ,1634529354
318,Adrar,27.8743,-0.2939,292.29,22,0,3.09,DZ,1634529195
319,Qandala,11.472,49.8728,302.29,52,9,1.49,SO,1634529358
320,Camacha,33.0833,-16.3333,292.83,83,20,2.57,PT,1634529360
321,Evensk,61.95,159.2333,266.07,62,100,11.27,RU,1634529362
322,Pedernales,18.0384,-71.744,300.49,77,98,0.6,DO,1634529364
323,Skibbereen,51.55,-9.2667,287.04,97,100,10.24,IE,1634529365
324,Qianan,44.9932,124.0581,279.67,35,47,6.05,CN,1634529368
325,Inhambane,-23.865,35.3833,297.14,100,75,0.0,MZ,1634529370
326,Chernyshevskiy,63.0128,112.4714,273.18,86,100,6.34,RU,1634529372
327,Roma,41.8947,12.4839,287.92,75,0,1.34,IT,1634529374
328,Hongjiang,27.11,109.9956,293.37,58,56,0.77,CN,1634529376
329,Bat Yam,32.0231,34.7503,294.21,75,75,1.03,IL,1634529377
330,Celestun,20.8667,-90.4,299.58,83,100,5.68,MX,1634529379
331,Acari,-15.4311,-74.6158,292.18,79,55,1.74,PE,1634529381
332,Timizart,36.8,4.2667,288.21,70,16,2.19,DZ,1634529383
333,Fairbanks,64.8378,-147.7164,272.76,75,90,0.0,US,1634529385
334,Eirunepe,-6.6603,-69.8736,296.04,98,100,0.82,BR,1634529387
335,Iquitos,-3.7481,-73.2472,298.17,94,20,0.0,PE,1634529391
336,Daraitan,14.6028,121.4319,301.32,87,100,3.66,PH,1634529396
337,Lorengau,-2.0226,147.2712,302.98,68,17,5.58,PG,1634529396
338,Shimoda,34.6667,138.95,290.35,60,52,7.72,JP,1634529354
339,Jakar,27.5492,90.7525,287.45,97,97,1.14,BT,1634529398
340,Ati,13.2154,18.3353,301.58,39,55,3.28,TD,1634529399
341,Zaoyang,32.1272,112.7542,288.33,49,87,3.59,CN,1634529401
342,Moron,-34.6534,-58.6198,290.25,58,11,1.91,AR,1634529402
343,Xam Nua,20.4197,104.0439,289.77,92,100,0.79,LA,1634529404
344,Baherden,38.4362,57.4316,289.73,15,0,3.58,TM,1634529405
345,Cartagena,10.3997,-75.5144,301.94,79,40,2.06,CO,1634529406
346,Kadyy,57.787,43.1903,276.51,96,100,2.29,RU,1634529408
347,Kahului,20.8947,-156.47,298.62,83,100,4.92,US,1634529410
348,Muncar,-8.4333,114.3333,305.69,54,7,2.98,ID,1634529412
349,Belaya Gora,68.5333,146.4167,258.91,84,74,0.57,RU,1634529413
350,Jiayuguan,39.8167,98.3,284.22,18,98,2.61,CN,1634529266
351,Balsas,-7.5325,-46.0356,302.04,51,99,0.65,BR,1634529416
352,Kavaratti,10.5669,72.642,300.75,77,100,6.41,IN,1634529419
353,Oussouye,12.485,-16.5469,300.25,81,100,1.17,SN,1634529419
354,Esperance,-33.8667,121.9,295.06,64,0,5.48,AU,1634529423
355,Along,28.1667,94.7667,302.3,64,71,0.38,IN,1634529425
356,Santa Maria,-29.6842,-53.8069,286.76,88,0,3.09,BR,1634529426
357,Necochea,-38.5473,-58.7368,280.15,82,0,1.33,AR,1634529428
358,Matanzas,23.0411,-81.5775,297.32,79,19,1.77,CU,1634529433
359,Shakiso,5.75,38.9167,287.66,83,54,1.19,ET,1634529434
360,Bolobo,-2.1667,16.2333,294.97,98,100,0.12,CD,1634529436
361,Clyde River,70.4692,-68.5914,271.63,79,100,7.17,CA,1634529438
362,Solnechnyy,50.7214,136.6319,271.65,52,99,0.96,RU,1634529441
363,Faanui,-16.4833,-151.75,300.21,78,15,7.32,PF,1634529441
364,Dolores,-36.3132,-57.6792,281.7,96,78,1.94,AR,1634529443
365,Hofn,64.2539,-15.2082,277.18,86,100,9.16,IS,1634529185
366,Uvarovo,51.9849,42.2615,277.67,90,59,2.83,RU,1634529446
367,Port Keats,-14.25,129.55,305.73,54,99,5.1,AU,1634529448
368,Mahibadhoo,3.7833,72.9667,300.95,75,82,7.23,MV,1634529449
369,Beaupre,47.0443,-70.8953,283.63,93,72,0.51,CA,1634529450
370,Thunder Bay,48.4001,-89.3168,280.13,88,1,1.54,CA,1634529452
371,Kaseda,31.4167,130.3167,293.72,54,100,1.81,JP,1634529453
372,Saint Anthony,45.0205,-93.218,286.65,62,1,0.89,US,1634529454
373,Christchurch,-43.5333,172.6333,289.23,71,75,5.36,NZ,1634529214
374,Zelenogorskiy,55.0333,87.0,277.44,69,3,2.33,RU,1634529457
375,Yarada,17.65,83.2667,303.33,79,40,2.06,IN,1634529459
376,Xingtai,37.0631,114.4942,289.9,48,14,2.32,CN,1634529460
377,West Plains,36.7281,-91.8524,285.0,89,0,0.45,US,1634529460
378,Naze,28.3667,129.4833,298.66,54,100,5.18,JP,1634529370
379,Saint-Joseph,-21.3667,55.6167,298.41,73,22,4.64,RE,1634529463
380,Reconquista,-29.15,-59.65,286.51,69,0,3.16,AR,1634529465
381,Itoman,26.1247,127.6694,300.58,58,40,7.2,JP,1634529237
382,Dapaong,10.8639,0.205,298.15,66,83,0.84,TG,1634529468
383,Staroaleyskoye,51.0061,82.0,279.18,58,3,0.15,RU,1634529471
384,Campeche,19.85,-90.5333,298.01,88,100,3.42,MX,1634529472
385,Goderich,43.7501,-81.7165,286.99,58,28,10.8,CA,1634529473
386,Santa Marinella,42.0345,11.8536,287.99,75,0,1.76,IT,1634529475
387,Black River,18.0264,-77.8487,300.15,83,97,1.55,JM,1634529478
388,Vila Franca do Campo,37.7167,-25.4333,295.38,93,100,5.36,PT,1634529480
389,Demmin,53.9076,13.0314,283.73,93,100,3.3,DE,1634529483
390,Ust-Koksa,50.2696,85.6108,277.7,61,13,0.39,RU,1634529485
391,Zyryanka,65.75,150.85,262.26,80,100,6.23,RU,1634529485
392,Bonthe,7.5264,-12.505,298.28,86,94,1.99,SL,1634529488
393,Paita,-5.0892,-81.1144,291.44,86,76,5.12,PE,1634529490
394,Chegutu,-18.1302,30.1407,293.92,60,4,4.56,ZW,1634529492
395,Mirabad,30.4362,61.8383,292.02,12,0,2.93,AF,1634529493
396,Phan Thiet,10.9333,108.1,302.27,75,100,2.27,VN,1634529494
397,Novyy Urengoy,66.0833,76.6333,276.66,94,100,7.4,RU,1634529495
398,Mpika,-11.8343,31.4529,292.01,53,35,0.68,ZM,1634529496
399,Zhumadian,32.9794,114.0294,289.51,47,70,3.63,CN,1634529497
400,Ruzsa,46.2881,19.7471,276.36,67,7,1.63,HU,1634529497
401,San Patricio,19.2167,-104.7,298.97,88,1,2.3,MX,1634529498
402,Nalut,31.8685,10.9812,289.66,43,100,1.42,LY,1634529499
403,Altoona,40.5187,-78.3947,282.39,81,10,0.45,US,1634529299
404,Danielskuil,-28.1887,23.5395,276.28,60,0,5.03,ZA,1634529500
405,Opoczno,51.3757,20.2783,281.05,86,100,3.42,PL,1634529501
406,Palu,-0.8917,119.8707,305.73,61,45,1.45,ID,1634529502
407,Nouadhibou,20.931,-17.0347,296.54,58,1,6.79,MR,1634529503
408,Nome,64.5011,-165.4064,267.13,80,42,3.04,US,1634529504
409,Port Blair,11.6667,92.75,301.98,75,87,4.58,IN,1634529505
410,Tefe,-3.3542,-64.7114,297.17,91,74,0.4,BR,1634529506
411,Praia da Vitoria,38.7333,-27.0667,294.13,83,40,4.37,PT,1634529506
412,Parrita,9.5201,-84.3225,299.02,91,100,1.54,CR,1634529508
413,Klaksvik,62.2266,-6.589,282.66,83,100,12.41,FO,1634529509
414,Aliganj,27.5,79.1833,297.01,96,100,2.41,IN,1634529510
415,Bilibino,68.0546,166.4372,253.08,96,61,2.44,RU,1634529511
416,Cassilandia,-19.1133,-51.7342,296.08,87,43,0.64,BR,1634529512
417,Mende,44.5167,3.5,280.24,71,42,1.37,FR,1634529512
418,Morondava,-20.2833,44.2833,298.99,69,90,1.19,MG,1634529513
419,Bubaque,11.2833,-15.8333,300.46,66,99,0.86,GW,1634529514
420,Pangody,65.85,74.4859,277.68,88,100,8.95,RU,1634529515
421,Kununurra,-15.7667,128.7333,312.14,25,100,3.09,AU,1634529516
422,Mutoko,-17.397,32.2268,295.56,45,39,3.8,ZW,1634529517
423,Kaeo,-35.1,173.7833,296.66,58,0,3.85,NZ,1634529517
424,Nantucket,41.2835,-70.0995,287.02,77,13,9.38,US,1634529518
425,San Carlos de Bariloche,-41.1456,-71.3082,280.01,81,0,3.6,AR,1634529519
426,Zhaotong,27.3167,103.7167,284.12,90,100,0.95,CN,1634529520
427,Imbituba,-28.24,-48.6703,289.72,92,100,1.55,BR,1634529521
428,Barra do Garcas,-15.89,-52.2567,298.28,78,82,0.24,BR,1634529422
429,Beringovskiy,63.05,179.3167,271.93,84,100,3.97,RU,1634529523
430,Ponta Delgada,37.7333,-25.6667,295.55,100,75,4.12,PT,1634529523
431,Severodvinsk,64.5635,39.8302,275.21,97,100,4.14,RU,1634529524
432,Chanute,37.6792,-95.4572,286.27,59,0,4.64,US,1634529525
433,Belawan,3.7755,98.6832,299.31,90,100,1.48,ID,1634529526
434,Staryy Nadym,65.6118,72.6842,277.1,77,87,10.58,RU,1634529527
435,Llangefni,53.2556,-4.3106,287.44,88,75,5.66,GB,1634529527
436,Saint-Georges,46.6247,-72.6577,283.34,76,99,2.06,CA,1634529528
437,Batagay,67.6333,134.6333,259.73,80,82,1.5,RU,1634529530
438,Havelock,34.8791,-76.9013,288.11,79,0,3.03,US,1634529531
439,Nong Bua,15.8646,100.5858,296.14,96,100,0.31,TH,1634529531
440,Uvira,-3.4067,29.1458,296.46,81,98,1.65,CD,1634529532
441,Chistogorskiy,53.9835,87.3843,279.11,67,5,2.25,RU,1634529534
442,Hokitika,-42.7167,170.9667,286.29,93,60,5.4,NZ,1634529535
443,Riberalta,-10.9833,-66.1,296.35,81,34,1.08,BO,1634529535
444,Irati,-25.4672,-50.6511,285.77,99,100,2.33,BR,1634529536
445,Kieta,-6.2167,155.6333,302.28,65,88,2.11,PG,1634529537
446,Surt,31.2089,16.5887,294.49,66,100,4.97,LY,1634529538
447,Illela,13.7292,5.2975,298.96,72,67,2.54,NG,1634529539
448,Misratah,32.3754,15.0925,295.67,59,100,2.76,LY,1634529540
449,Ishigaki,24.3448,124.1572,299.22,65,40,5.66,JP,1634529541
450,Gigmoto,13.7796,124.39,302.55,74,76,3.47,PH,1634529542
451,Richmond,37.5538,-77.4603,283.79,85,1,3.6,US,1634529293
452,Kotelnich,58.3089,48.348,276.96,96,100,3.01,RU,1634529544
453,Killybegs,54.6333,-8.45,286.73,93,100,6.6,IE,1634529545
454,Sainte-Maxime,43.3,6.6333,288.12,74,91,2.15,FR,1634529546
455,Seshcha,53.7361,33.3387,277.77,85,100,4.69,RU,1634529547
456,Antofagasta,-23.65,-70.4,286.75,72,42,2.43,CL,1634529547
457,Boda,4.3189,17.4695,293.77,97,100,0.87,CF,1634529549
458,Port Shepstone,-30.7414,30.455,286.88,64,12,8.03,ZA,1634529550
459,Zhangye,38.9342,100.4517,286.74,17,50,1.12,CN,1634529550
460,Zhigansk,66.7697,123.3711,266.18,89,100,9.63,RU,1634529552
461,Shu,43.5983,73.7614,286.38,33,5,1.54,KZ,1634529553
462,Raymondville,26.4815,-97.7831,296.43,64,98,2.65,US,1634529553
463,Bathsheba,13.2167,-59.5167,300.49,83,40,3.6,BB,1634529554
464,Bud,39.447,-86.1758,284.44,82,25,2.78,US,1634529555
465,Riverton,40.5219,-111.9391,289.11,43,1,1.79,US,1634529556
466,West Wendover,40.7391,-114.0733,287.64,31,60,1.04,US,1634529557
467,Ligayan,4.6533,119.4706,301.94,73,66,2.36,PH,1634529557
468,Husavik,66.0449,-17.3389,274.1,94,100,13.77,IS,1634529558
469,Charlestown,-32.95,151.6667,300.34,51,99,1.79,AU,1634529559
470,Jawhar,2.7809,45.5005,298.76,79,99,4.59,SO,1634529560
471,Kupang,-10.1667,123.5833,305.47,66,20,5.14,ID,1634529561
472,Boshkengash,38.4661,68.8053,285.34,43,20,3.0,TJ,1634529562
473,Escanaba,45.7453,-87.0646,281.45,60,4,0.45,US,1634529563
474,Beira,-19.8436,34.8389,299.2,83,75,3.58,MZ,1634529564
475,Hit,33.6416,42.8251,294.31,43,23,4.07,IQ,1634529564
476,San Vicente,-26.6167,-54.1333,286.07,100,31,1.42,AR,1634529565
477,Abu Dhabi,24.4667,54.3667,299.21,73,0,1.03,AE,1634529566
478,Juneau,58.3019,-134.4197,276.4,93,99,2.26,US,1634529363
479,Pitimbu,-7.4706,-34.8086,298.48,80,96,4.28,BR,1634529568
480,Pierre,44.3683,-100.351,286.96,65,3,0.89,US,1634529569
481,Alpena,45.0617,-83.4327,283.77,81,38,1.34,US,1634529570
482,Vila,42.0304,-8.1588,286.9,98,100,1.73,PT,1634529570
483,Manicore,-5.8092,-61.3003,295.11,98,100,0.8,BR,1634529571
484,Kawalu,-7.3817,108.2082,304.34,56,59,2.56,ID,1634529573
485,Susangerd,31.5608,48.1831,297.16,17,10,7.91,IR,1634529574
486,Kizema,61.113,44.8302,275.47,82,96,4.48,RU,1634529574
487,Bambanglipuro,-7.95,110.2833,305.82,53,60,2.4,ID,1634529575
488,Chitrakonda,18.1167,82.0833,299.68,83,100,0.93,IN,1634529576
489,Nongpoh,25.9,91.8833,301.36,94,99,0.44,IN,1634529577
490,Beyneu,45.3167,55.2,283.53,50,46,4.82,KZ,1634529578
491,Yerbogachen,61.2767,108.0108,273.83,83,100,5.47,RU,1634529578
492,Muscat,23.6139,58.5922,303.24,36,0,1.33,OM,1634529579
493,Tibati,6.4667,12.6333,292.47,97,100,1.38,CM,1634529580
494,Polson,47.6936,-114.1632,284.13,61,88,0.61,US,1634529581
495,Rantauprapat,2.1,99.8333,301.26,70,100,1.47,ID,1634529582
496,Adamas,36.7333,24.4333,288.83,72,10,6.09,GR,1634529582
497,Darhan,49.4867,105.9228,277.31,49,3,3.41,MN,1634529583
498,Xacmaz,41.4635,48.806,289.76,87,90,3.42,AZ,1634529584
499,Suamico,44.6319,-88.0393,284.58,60,4,1.34,US,1634529585
500,Zheleznodorozhnyy,55.7503,38.0042,279.38,82,100,4.13,RU,1634529586
501,Palora,-1.7,-77.9333,291.07,95,78,1.2,EC,1634529586
502,Nemuro,43.3236,145.575,283.39,49,5,3.4,JP,1634529587
503,Jiangyou,31.7667,104.7167,289.18,70,57,2.04,CN,1634529588
504,Deer Lake,49.1667,-57.4316,278.07,87,90,6.17,CA,1634529589
505,Lieksa,63.3167,30.0167,275.11,89,98,5.93,FI,1634529590
506,Huarmey,-10.0681,-78.1522,290.61,87,100,3.56,PE,1634529590
507,Swan River,52.1058,-101.2676,279.09,75,7,2.06,CA,1634529591
508,Nicoya,10.1483,-85.452,295.9,97,100,1.32,CR,1634529592
509,Lagoa Santa,-19.6272,-43.8897,295.38,88,75,5.66,BR,1634529594
510,Port Lavaca,28.615,-96.6261,291.18,70,1,2.06,US,1634529595
511,Pasighat,28.0667,95.3333,304.94,53,37,1.23,IN,1634529596
512,Kovdor,67.5662,30.4758,273.6,93,100,6.46,RU,1634529597
513,Lavumisa,-27.31,31.892,287.68,86,100,4.17,SZ,1634529597
514,Mount Isa,-20.7333,139.5,310.02,12,29,3.09,AU,1634529598
515,Verkhnevilyuysk,63.4453,120.3167,269.53,92,100,4.27,RU,1634529599
516,Oyon,-10.6681,-76.7731,280.27,93,98,0.5,PE,1634529600
517,Paamiut,61.994,-49.6678,273.3,36,1,3.0,GL,1634529601
518,Praya,-8.7054,116.2704,305.07,58,75,1.54,ID,1634529605
519,Koyelga,54.6522,60.9049,282.05,58,100,3.48,RU,1634529607
520,Miri,4.4148,114.0089,302.94,71,17,2.9,MY,1634529609
521,Marystown,47.1666,-55.1483,282.51,100,78,0.89,CA,1634529614
522,Kloulklubed,7.0419,134.2556,303.43,73,50,5.02,PW,1634529624
523,Cap Malheureux,-19.9842,57.6142,298.41,72,73,5.36,MU,1634529628
524,Marfino,55.7028,37.3822,279.23,87,20,4.0,RU,1634529629
525,Mahebourg,-20.4081,57.7,298.29,71,75,7.42,MU,1634529631
526,Chauk,20.8833,94.8167,300.94,77,97,2.03,MM,1634529632
527,Oranjestad,12.524,-70.027,301.6,80,2,6.16,AW,1634529633
528,Hay River,60.8156,-115.7999,272.44,79,26,3.47,CA,1634529634
529,Krutikha,53.9599,81.2093,278.63,68,100,2.74,RU,1634529635
530,Ahuimanu,21.4447,-157.8378,299.68,70,90,7.88,US,1634529636
531,Ruthin,53.1137,-3.3178,285.79,92,100,0.45,GB,1634529636
532,Parana,-31.732,-60.5238,287.2,90,6,3.08,AR,1634529637
533,Haimen,23.1935,116.6142,297.07,65,15,5.58,CN,1634529638
534,Faxinal,-24.0003,-51.3194,290.22,98,100,0.37,BR,1634529639
535,Isangel,-19.55,169.2667,298.72,82,100,1.71,VU,1634529640
536,Vilyuysk,63.7553,121.6247,268.82,92,100,4.13,RU,1634529641
537,Sioux Lookout,50.1001,-91.917,279.15,72,0,1.83,CA,1634529642
538,Kudahuvadhoo,2.6708,72.8944,301.53,71,42,6.51,MV,1634529642
539,Jumla,29.2747,82.1838,286.82,93,96,1.96,NP,1634529643
540,Sembabule,-0.0772,31.4567,289.8,95,93,1.55,UG,1634529644
541,Damaturu,11.747,11.9608,300.21,62,23,1.17,NG,1634529645
542,Coquimbo,-29.9533,-71.3436,285.0,93,0,1.03,CL,1634529497
543,Polis,35.0367,32.4264,295.05,84,86,4.72,CY,1634529647
544,Eagle Pass,28.7091,-100.4995,291.63,37,1,3.79,US,1634529626
545,Portland,45.5234,-122.6762,285.64,87,100,0.89,US,1634529425
546,Sterling,39.0062,-77.4286,285.14,81,1,0.45,US,1634529576
547,Eydhafushi,5.1033,73.0708,300.82,76,100,8.54,MV,1634529651
548,Gouyave,12.1646,-61.7296,300.69,77,73,4.46,GD,1634529652
549,Abnub,27.2696,31.1511,294.76,40,79,2.63,EG,1634529652
550,Lengshuijiang,27.6881,111.4294,291.58,63,48,0.95,CN,1634529653
551,The Valley,18.217,-63.0578,301.54,71,16,1.09,AI,1634529654
552,Srivardhan,18.0333,73.0167,301.72,68,5,1.38,IN,1634529655
553,Eldorado,-23.7869,-54.2836,291.53,93,100,1.94,BR,1634529656
554,Iberia,-11.35,-69.5833,297.77,72,95,0.36,PE,1634529657
555,Amahai,-3.3333,128.9167,302.86,69,83,2.35,ID,1634529658
556,Churapcha,62.0025,132.4325,265.01,71,100,3.01,RU,1634529658
557,Nikolayevka,53.1257,47.2041,281.55,86,100,1.88,RU,1634529659
558,Udachnyy,66.4167,112.4,274.17,99,100,8.33,RU,1634529660
559,Baykit,61.67,96.37,276.78,86,98,1.53,RU,1634529662
