,City,Lat,Lng,Max Temp,Humidity,Cloudiness,Wind Speed,Country,Date,Simple_Date
0,Indiaroba,-11.5192,-37.5117,72.45,91,90,3.85,BR,1634528750,2021-10-18
1,Hobart,-42.8794,147.3294,63.01,71,75,1.01,AU,1634528664,2021-10-18
2,Bredasdorp,-34.5322,20.0403,47.14,73,9,3.53,ZA,1634528753,2021-10-18
3,Georgetown,6.8045,-58.1553,75.49,83,67,7.11,GY,1634528755,2021-10-18
4,Atambua,-9.1061,124.8925,88.09,55,36,6.42,ID,1634528758,2021-10-18
5,Punta Arenas,-53.15,-70.9167,48.31,76,0,28.77,CL,1634528759,2021-10-18
6,Siyabuswa,-25.1132,29.0445,64.51,71,100,6.73,ZA,1634528761,2021-10-18
7,Walvis Bay,-22.9575,14.5053,54.09,87,1,11.5,NA,1634528764,2021-10-18
8,Hirado,33.3597,129.5531,69.15,54,97,12.15,JP,1634528671,2021-10-18
9,Ushuaia,-54.8,-68.3,47.86,66,20,11.5,AR,1634528757,2021-10-18
10,Comodoro Rivadavia,-45.8667,-67.5,55.26,47,0,12.66,AR,1634528767,2021-10-18
11,Carnarvon,-24.8667,113.6333,75.27,38,8,9.22,AU,1634528701,2021-10-18
12,Albany,42.6526,-73.7562,52.18,82,75,1.99,US,1634528771,2021-10-18
13,Marabba,12.35,32.1833,80.76,48,1,6.26,SD,1634528773,2021-10-18
14,West Bay,19.3667,-81.4167,82.99,80,20,5.75,KY,1634528775,2021-10-18
15,Kapaa,22.0752,-159.319,80.58,81,75,1.99,US,1634528777,2021-10-18
16,Butaritari,3.0707,172.7902,81.82,71,22,10.02,KI,1634528780,2021-10-18
17,Egvekinot,66.3167,-179.1667,15.55,77,100,5.95,RU,1634528782,2021-10-18
18,Pevek,69.7008,170.3133,5.88,98,97,4.52,RU,1634528784,2021-10-18
19,Atasu,48.6814,71.6433,45.48,36,2,8.55,KZ,1634528786,2021-10-18
20,Olinda,-8.0089,-34.8553,80.33,74,40,8.05,BR,1634528787,2021-10-18
21,New Norfolk,-42.7826,147.0587,62.65,48,97,4.0,AU,1634528789,2021-10-18
22,Rikitea,-23.1203,-134.9692,75.58,76,7,15.88,PF,1634528790,2021-10-18
23,Guerrero Negro,27.9769,-114.0611,68.16,75,100,10.76,MX,1634528793,2021-10-18
24,Torbay,47.6666,-52.7314,44.58,97,90,3.44,CA,1634528794,2021-10-18
25,Hermanus,-34.4187,19.2345,51.91,70,1,6.35,ZA,1634528796,2021-10-18
26,Atuona,-9.8,-139.0333,78.03,77,88,19.66,PF,1634528802,2021-10-18
27,Savannah Bight,16.45,-85.85,78.01,72,93,6.55,HN,1634528804,2021-10-18
28,Tarbes,43.2333,0.0833,54.43,87,0,6.91,FR,1634528805,2021-10-18
29,Busselton,-33.65,115.3333,71.04,69,22,14.38,AU,1634528807,2021-10-18
30,Luderitz,-26.6481,15.1594,61.88,36,44,13.8,NA,1634528808,2021-10-18
31,Arraial do Cabo,-22.9661,-42.0278,69.64,86,100,3.47,BR,1634528811,2021-10-18
32,Qaanaaq,77.484,-69.3632,24.1,68,100,12.55,GL,1634528813,2021-10-18
33,Touros,-5.1989,-35.4608,76.1,80,48,11.54,BR,1634528816,2021-10-18
34,Te Anau,-45.4167,167.7167,61.05,49,9,6.31,NZ,1634528818,2021-10-18
35,Skagen,57.7209,10.5839,43.09,51,22,4.79,DK,1634528819,2021-10-18
36,Jamestown,42.097,-79.2353,53.51,90,90,3.0,US,1634528821,2021-10-18
37,Labuhan,-6.8844,112.2051,88.99,60,78,11.01,ID,1634528823,2021-10-18
38,Saldanha,-33.0117,17.9442,46.45,71,0,14.99,ZA,1634528824,2021-10-18
39,Barrow,71.2906,-156.7887,21.22,68,90,0.0,US,1634528826,2021-10-18
40,Bay Roberts,47.5999,-53.2648,45.34,94,91,1.01,CA,1634528828,2021-10-18
41,Mogadishu,2.0371,45.3438,78.67,89,40,13.29,SO,1634528702,2021-10-18
42,Mar del Plata,-38.0023,-57.5575,53.01,37,0,11.01,AR,1634528745,2021-10-18
43,Hasaki,35.7333,140.8333,64.29,54,98,16.69,JP,1634528658,2021-10-18
44,Lianzhou,24.7811,112.3825,73.44,57,63,2.33,CN,1634528832,2021-10-18
45,Potoci,43.4086,17.8786,42.31,100,20,1.14,BA,1634528834,2021-10-18
46,Bluff,-46.6,168.3333,53.55,65,8,16.11,NZ,1634528836,2021-10-18
47,Abha,18.2164,42.5053,58.82,25,0,0.0,SA,1634528839,2021-10-18
48,Upernavik,72.7868,-56.1549,22.87,49,47,5.32,GL,1634528841,2021-10-18
49,Vaini,-21.2,-175.2,80.76,83,40,11.5,TO,1634528843,2021-10-18
50,Teguise,29.0605,-13.564,66.42,40,0,4.61,ES,1634528845,2021-10-18
51,Anloga,5.7947,0.8973,79.02,84,100,14.09,GH,1634528847,2021-10-18
52,Turiacu,-1.6633,-45.3717,75.06,89,31,4.25,BR,1634528849,2021-10-18
53,Obo,5.3998,26.4869,68.43,96,100,1.88,CF,1634528852,2021-10-18
54,Tuktoyaktuk,69.4541,-133.0374,26.6,93,75,5.75,CA,1634528854,2021-10-18
55,Cascais,38.6979,-9.4215,66.43,84,100,1.01,PT,1634528856,2021-10-18
56,Dicabisagan,17.0818,122.4157,83.48,72,99,4.52,PH,1634528858,2021-10-18
57,Mantua,22.2889,-84.2844,74.84,77,68,5.93,CU,1634528859,2021-10-18
58,Jutai,-5.1833,-68.9,72.5,99,90,0.76,BR,1634528860,2021-10-18
59,Castro,-24.7911,-50.0119,55.58,98,100,6.93,BR,1634528862,2021-10-18
60,Khorixas,-20.3667,14.9667,61.29,36,6,6.85,NA,1634528864,2021-10-18
61,Tezu,27.9167,96.1667,90.25,46,17,3.51,IN,1634528866,2021-10-18
62,Majene,-3.5403,118.9707,86.18,66,24,3.65,ID,1634528867,2021-10-18
63,Severo-Kurilsk,50.6789,156.125,41.58,86,81,39.57,RU,1634528869,2021-10-18
64,Berbera,10.4396,45.0143,86.14,60,99,0.98,SO,1634528703,2021-10-18
65,Ribeira Grande,38.5167,-28.7,70.25,80,17,15.73,PT,1634528872,2021-10-18
66,Saskylakh,71.9167,114.0833,18.64,95,100,8.19,RU,1634528875,2021-10-18
67,Vilhena,-12.7406,-60.1458,69.31,95,100,2.48,BR,1634528877,2021-10-18
68,Hilo,19.7297,-155.09,77.29,91,90,9.22,US,1634528879,2021-10-18
69,Thompson,55.7435,-97.8558,44.76,70,75,3.44,CA,1634528881,2021-10-18
70,Cabo San Lucas,22.8909,-109.9124,81.61,81,6,11.65,MX,1634528883,2021-10-18
71,Hambantota,6.1241,81.1185,86.34,74,20,11.5,LK,1634528884,2021-10-18
72,Yellowknife,62.456,-114.3525,33.42,100,75,5.75,CA,1634528886,2021-10-18
73,Maksatikha,57.797,35.8825,36.72,95,91,6.33,RU,1634528888,2021-10-18
74,Anadyr,64.75,177.4833,27.1,92,90,17.0,RU,1634528891,2021-10-18
75,Poronaysk,49.2167,143.1167,37.94,44,48,13.96,RU,1634528894,2021-10-18
76,Shimanovsk,52.0,127.7,30.25,29,0,8.43,RU,1634528895,2021-10-18
77,Komsomolskiy,40.4272,71.7189,57.92,44,100,6.91,UZ,1634528897,2021-10-18
78,Dali,25.7,100.1833,67.33,66,68,4.34,CN,1634528898,2021-10-18
79,Aripuana,-9.1667,-60.6333,73.85,95,100,2.01,BR,1634528899,2021-10-18
80,Talnakh,69.4865,88.3972,34.0,100,100,10.65,RU,1634528902,2021-10-18
81,Kolobrzeg,54.1757,15.5834,47.97,100,98,4.3,PL,1634528904,2021-10-18
82,Flinders,-34.5833,150.8552,80.8,51,0,7.0,AU,1634528906,2021-10-18
83,Ponta do Sol,32.6667,-17.1,69.01,76,58,2.04,PT,1634528907,2021-10-18
84,Iwaki,37.05,140.8833,61.77,53,28,1.99,JP,1634528755,2021-10-18
85,Poso,-1.3959,120.7524,88.59,60,13,5.39,ID,1634528910,2021-10-18
86,Sembakung,3.8167,117.25,85.93,50,58,2.04,ID,1634528910,2021-10-18
87,Exu,-7.5119,-39.7242,82.81,54,85,5.97,BR,1634528911,2021-10-18
88,Vardo,70.3705,31.1107,34.0,77,99,34.05,NO,1634528913,2021-10-18
89,Beloha,-25.1667,45.05,74.91,73,0,1.79,MG,1634528916,2021-10-18
90,Hovd,48.0056,91.6419,41.92,35,52,2.15,MN,1634528919,2021-10-18
91,Iseyin,7.9667,3.6,73.13,93,100,4.41,NG,1634528919,2021-10-18
92,Ancud,-41.8697,-73.8203,48.42,86,47,2.57,CL,1634528923,2021-10-18
93,Tambacounda,13.7539,-13.7586,78.85,83,0,9.22,SN,1634528925,2021-10-18
94,Mehamn,71.0357,27.8492,35.55,64,75,25.32,NO,1634528927,2021-10-18
95,Cape Town,-33.9258,18.4232,53.11,73,0,3.0,ZA,1634528803,2021-10-18
96,Tiksi,71.6872,128.8694,12.4,87,99,11.5,RU,1634528929,2021-10-18
97,East London,-33.0153,27.9116,50.94,81,40,10.36,ZA,1634528921,2021-10-18
98,Chenzhou,25.8,113.0333,62.13,77,98,0.96,CN,1634528670,2021-10-18
99,Hithadhoo,-0.6,73.0833,81.99,76,91,11.07,MV,1634528934,2021-10-18
100,Leningradskiy,69.3833,178.4167,12.24,95,100,0.67,RU,1634528936,2021-10-18
101,Natal,-5.795,-35.2094,77.22,94,20,4.61,BR,1634528663,2021-10-18
102,Rio Gallegos,-51.6226,-69.2181,37.45,87,0,9.22,AR,1634528939,2021-10-18
103,Sitka,57.0531,-135.33,46.29,49,90,12.66,US,1634528941,2021-10-18
104,Zhangjiakou,40.81,114.8794,53.2,22,45,8.25,CN,1634528943,2021-10-18
105,Lavrentiya,65.5833,-171.0,22.1,71,35,9.35,RU,1634528944,2021-10-18
106,Longyearbyen,78.2186,15.6401,19.24,73,40,3.44,SJ,1634528946,2021-10-18
107,Lebu,-37.6167,-73.65,49.6,88,0,17.9,CL,1634528949,2021-10-18
108,Senno,59.5336,33.9167,30.25,93,32,8.79,RU,1634528951,2021-10-18
109,Cruzeiro do Sul,-29.5128,-51.9853,55.98,91,3,1.43,BR,1634528953,2021-10-18
110,Kinshasa,-4.3246,15.3215,75.52,83,75,0.0,CD,1634528955,2021-10-18
111,Port Alfred,-33.5906,26.891,54.28,69,63,9.19,ZA,1634528960,2021-10-18
112,Iqaluit,63.7506,-68.5145,33.53,86,75,18.01,CA,1634528963,2021-10-18
113,Catuday,16.2923,119.8062,85.15,63,41,5.01,PH,1634528966,2021-10-18
114,Bloemfontein,-29.1211,26.214,36.88,65,0,2.3,ZA,1634528967,2021-10-18
115,Pontianak,-0.0333,109.3333,85.98,74,75,4.61,ID,1634528969,2021-10-18
116,Phatthalung,7.6179,100.0779,84.27,77,100,4.83,TH,1634528970,2021-10-18
117,Leh,34.1667,77.5833,43.02,65,100,3.65,IN,1634528970,2021-10-18
118,Chuy,-33.6971,-53.4616,49.17,80,47,5.03,UY,1634528971,2021-10-18
119,San Rafael,-34.6177,-68.3301,55.9,33,0,3.56,AR,1634528973,2021-10-18
120,Vao,-22.6667,167.4833,73.67,87,100,11.34,NC,1634528975,2021-10-18
121,Panguna,-6.3164,155.4848,78.04,69,84,1.72,PG,1634528977,2021-10-18
122,Yulara,-25.2406,130.9889,96.64,9,8,9.22,AU,1634528979,2021-10-18
123,Cherskiy,68.75,161.3,-8.05,100,85,2.24,RU,1634528980,2021-10-18
124,Tabou,4.423,-7.3528,76.78,89,69,6.08,CI,1634528982,2021-10-18
125,Sola,-13.8833,167.55,88.47,74,75,8.05,VU,1634528985,2021-10-18
126,Abbeville,50.1,1.8333,47.5,73,76,7.18,FR,1634528898,2021-10-18
127,Shugurovo,54.5083,52.1326,47.48,97,100,7.34,RU,1634528987,2021-10-18
128,Okhotsk,59.3833,143.3,20.89,57,7,21.74,RU,1634528989,2021-10-18
129,Laguna,38.421,-121.4238,58.75,83,90,5.01,US,1634528991,2021-10-18
130,Bykovo,55.6361,38.0803,43.41,87,75,6.71,RU,1634528994,2021-10-18
131,Dakar,14.6937,-17.4441,79.68,94,100,0.0,SN,1634528996,2021-10-18
132,Dikson,73.5069,80.5464,30.87,99,100,6.76,RU,1634528998,2021-10-18
133,Doctor Mora,21.1417,-100.3125,56.21,93,83,4.72,MX,1634529000,2021-10-18
134,Katsina,12.9894,7.6006,76.64,69,18,5.08,NG,1634528950,2021-10-18
135,Maragogi,-9.0122,-35.2225,75.81,84,77,7.67,BR,1634529003,2021-10-18
136,Tilichiki,60.4667,166.1,30.67,96,100,25.99,RU,1634529005,2021-10-18
137,Pisco,-13.7,-76.2167,60.85,82,98,12.66,PE,1634529007,2021-10-18
138,Palmer,42.1584,-72.3287,52.66,71,53,7.9,US,1634529009,2021-10-18
139,Nadadores,27.05,-101.6,67.24,44,3,3.67,MX,1634529012,2021-10-18
140,Ottawa,45.4112,-75.6981,46.51,86,75,4.0,CA,1634528792,2021-10-18
141,Honavar,14.2833,74.45,82.06,77,59,5.97,IN,1634529014,2021-10-18
142,Urucui,-7.2294,-44.5561,85.1,43,97,1.01,BR,1634529015,2021-10-18
143,Port Hedland,-20.3167,118.5667,87.85,42,16,16.11,AU,1634529017,2021-10-18
144,Half Moon Bay,37.4636,-122.4286,56.41,87,90,5.75,US,1634529018,2021-10-18
145,Kindu,-2.95,25.95,68.41,99,89,0.96,CD,1634529020,2021-10-18
146,Porlamar,10.958,-63.8491,80.71,89,20,9.15,VE,1634529022,2021-10-18
147,Katsuura,35.1333,140.3,67.19,63,89,18.5,JP,1634528749,2021-10-18
148,Hailar,49.2,119.7,32.65,47,6,6.33,CN,1634528781,2021-10-18
149,Avarua,-21.2078,-159.775,75.25,83,75,5.75,CK,1634529025,2021-10-18
150,Lima,-12.0432,-77.0282,61.9,84,40,10.36,PE,1634529028,2021-10-18
151,Loreto,22.2667,-101.9667,58.42,75,10,11.03,MX,1634529031,2021-10-18
152,Bogandinskiy,56.8937,65.8938,35.87,68,99,6.67,RU,1634529033,2021-10-18
153,Puerto Ayora,-0.7393,-90.3518,68.56,94,100,5.01,EC,1634529035,2021-10-18
154,Okahandja,-21.9833,16.9167,56.84,14,0,20.71,NA,1634529037,2021-10-18
155,Tsiroanomandidy,-18.7667,46.0333,68.65,40,6,3.94,MG,1634529040,2021-10-18
156,Iquique,-20.2208,-70.1431,59.04,77,46,2.73,CL,1634529042,2021-10-18
157,Bambous Virieux,-20.3428,57.7575,76.21,73,40,14.97,MU,1634529044,2021-10-18
158,Maniitsoq,65.4167,-52.9,32.18,40,2,10.29,GL,1634529047,2021-10-18
159,Bengkulu,-3.8004,102.2655,77.34,87,100,5.21,ID,1634528996,2021-10-18
160,Auki,-8.7676,160.7034,83.21,71,32,3.22,SB,1634529051,2021-10-18
161,Hami,42.8,93.45,59.52,16,0,9.55,CN,1634529052,2021-10-18
162,Marsh Harbour,26.5412,-77.0636,80.06,67,15,21.03,BS,1634529053,2021-10-18
163,Camabatela,-8.1881,15.375,61.86,95,84,3.33,AO,1634529055,2021-10-18
164,Saint-Philippe,-21.3585,55.7679,78.48,77,49,15.5,RE,1634529057,2021-10-18
165,Sao Filipe,14.8961,-24.4956,78.26,76,0,8.61,CV,1634529059,2021-10-18
166,Tottori,35.5,134.2333,64.47,45,20,11.5,JP,1634529013,2021-10-18
167,Alofi,-19.0595,-169.9187,80.49,74,22,16.11,NU,1634529063,2021-10-18
168,Saint-Francois,46.4154,3.9054,39.67,100,90,3.44,FR,1634529066,2021-10-18
169,Souillac,-20.5167,57.5167,76.35,73,40,14.97,MU,1634529068,2021-10-18
170,Codrington,-38.2667,141.9667,57.79,69,92,17.16,AU,1634529070,2021-10-18
171,Sur,22.5667,59.5289,83.43,33,0,2.01,OM,1634529071,2021-10-18
172,Aklavik,68.2191,-135.0107,22.03,86,13,7.78,CA,1634529073,2021-10-18
173,Maturin,9.75,-63.1767,74.57,97,40,3.36,VE,1634529076,2021-10-18
174,Gilgit,35.9221,74.3087,63.91,51,8,0.83,PK,1634529077,2021-10-18
175,Mumford,5.2618,-0.759,77.99,85,59,9.44,GH,1634529074,2021-10-18
176,Humberto de Campos,-2.5983,-43.4611,78.8,83,84,6.42,BR,1634529079,2021-10-18
177,Nouakchott,18.0858,-15.9785,83.39,34,24,4.76,MR,1634529067,2021-10-18
178,Tasiilaq,65.6145,-37.6368,18.79,43,77,14.65,GL,1634529083,2021-10-18
179,Cayenne,4.9333,-52.3333,82.09,85,48,0.0,GF,1634529085,2021-10-18
180,Mendoza,-32.8908,-68.8272,60.33,55,0,4.61,AR,1634529087,2021-10-18
181,Paragould,36.0584,-90.4973,53.44,49,0,4.59,US,1634529089,2021-10-18
182,Makokou,0.5738,12.8642,69.76,99,98,2.48,GA,1634529091,2021-10-18
183,Khatanga,71.9667,102.5,32.92,99,100,11.7,RU,1634529093,2021-10-18
184,Sinnamary,5.3833,-52.95,79.12,86,61,7.7,GF,1634529095,2021-10-18
185,Hualmay,-11.0964,-77.6139,62.2,88,100,8.61,PE,1634529097,2021-10-18
186,Fortuna,40.5982,-124.1573,50.41,75,90,0.0,US,1634529099,2021-10-18
187,Padang,-0.9492,100.3543,82.45,70,100,3.27,ID,1634529033,2021-10-18
188,Sao Joao da Barra,-21.6403,-41.0511,69.96,91,99,8.17,BR,1634529102,2021-10-18
189,San Quintin,30.4833,-115.95,63.63,83,0,9.06,MX,1634529104,2021-10-18
190,Kitama,-10.7167,39.7333,72.75,78,93,6.26,TZ,1634529105,2021-10-18
191,Vestmannaeyjar,63.4427,-20.2734,45.57,90,100,31.54,IS,1634529108,2021-10-18
192,Silifke,36.3778,33.9344,66.09,53,0,6.71,TR,1634529109,2021-10-18
193,Havre-Saint-Pierre,50.2334,-63.5986,54.19,93,90,26.46,CA,1634529112,2021-10-18
194,Kruisfontein,-34.0033,24.7314,48.88,83,67,6.98,ZA,1634529114,2021-10-18
195,Pekan,3.4836,103.3996,87.91,62,100,2.33,MY,1634529116,2021-10-18
196,Tiarei,-17.5333,-149.3333,82.42,76,37,20.09,PF,1634529117,2021-10-18
197,Stornoway,58.2093,-6.3865,53.92,94,90,8.05,GB,1634529120,2021-10-18
198,Loa Janan,-0.583,117.095,88.43,60,100,4.94,ID,1634529123,2021-10-18
199,Medvedka,61.1629,46.387,37.83,77,98,10.22,RU,1634529124,2021-10-18
200,Havre,48.55,-109.6841,56.01,26,1,3.44,US,1634529126,2021-10-18
201,Norman Wells,65.282,-126.8329,28.44,93,90,2.3,CA,1634529128,2021-10-18
202,Santa Fe,35.687,-105.9378,57.6,35,75,4.0,US,1634529130,2021-10-18
203,Carballo,43.213,-8.691,69.49,92,100,8.1,ES,1634529131,2021-10-18
204,Eyl,7.9803,49.8164,78.84,75,100,11.36,SO,1634529133,2021-10-18
205,Cabedelo,-6.9811,-34.8339,77.67,81,76,10.33,BR,1634529135,2021-10-18
206,Dharangaon,21.0167,75.2667,81.36,66,72,12.53,IN,1634529138,2021-10-18
207,Tazovskiy,67.4667,78.7,35.85,97,100,17.38,RU,1634529139,2021-10-18
208,Salalah,17.0151,54.0924,77.41,72,49,1.1,OM,1634529141,2021-10-18
209,Saint-Pierre,-21.3393,55.4781,78.57,65,0,0.0,RE,1634529143,2021-10-18
210,Port Elizabeth,-33.918,25.5701,51.1,87,0,6.91,ZA,1634529019,2021-10-18
211,Kodiak,57.79,-152.4072,41.13,97,100,31.65,US,1634529147,2021-10-18
212,Bullhead City,35.1478,-114.5683,79.09,15,1,13.8,US,1634529149,2021-10-18
213,Lompoc,34.6391,-120.4579,60.1,81,1,3.44,US,1634529151,2021-10-18
214,Brigantine,39.4101,-74.3646,55.02,76,1,9.22,US,1634529152,2021-10-18
215,Novichikha,52.204,81.3877,42.98,53,27,4.94,RU,1634529155,2021-10-18
216,Maumere,-8.6199,122.2111,86.76,67,21,4.97,ID,1634528994,2021-10-18
217,Berlevag,70.8578,29.0864,35.6,77,100,29.6,NO,1634529158,2021-10-18
218,Navahrudak,53.6,25.8333,38.89,85,94,10.25,BY,1634529161,2021-10-18
219,Onguday,50.75,86.15,42.48,51,9,2.75,RU,1634529163,2021-10-18
220,Ostrovnoy,68.0531,39.5131,38.52,81,100,6.93,RU,1634529164,2021-10-18
221,Narsaq,60.9167,-46.05,27.3,40,59,9.06,GL,1634529166,2021-10-18
222,Jeremie,18.65,-74.1167,80.47,81,30,2.71,HT,1634529168,2021-10-18
223,Puerto Baquerizo Moreno,-0.9,-89.6,69.46,86,98,10.67,EC,1634529169,2021-10-18
224,Ahipara,-35.1667,173.1667,63.61,71,1,7.43,NZ,1634529171,2021-10-18
225,Khandyga,62.6667,135.6,11.43,65,59,1.7,RU,1634529174,2021-10-18
226,Arnissa,40.8,21.8333,52.07,93,60,1.83,GR,1634529177,2021-10-18
227,Sovetskiy,61.3614,63.5842,39.56,81,95,9.35,RU,1634529179,2021-10-18
228,Kungurtug,50.5994,97.5228,37.87,42,1,0.87,RU,1634529181,2021-10-18
229,Lagoa,39.05,-27.9833,68.94,83,1,17.56,PT,1634529182,2021-10-18
230,Port-Cartier,50.0334,-66.8654,48.74,98,99,5.03,CA,1634529184,2021-10-18
231,Provideniya,64.3833,-173.3,26.71,59,90,4.47,RU,1634529187,2021-10-18
232,Braintree,51.8782,0.5529,52.52,94,100,7.16,GB,1634529189,2021-10-18
233,Tual,-5.6667,132.75,83.93,71,36,6.55,ID,1634529191,2021-10-18
234,Richards Bay,-28.783,32.0377,59.02,85,100,12.71,ZA,1634529191,2021-10-18
235,Lata,40.1629,-8.3327,66.04,95,100,1.81,PT,1634529194,2021-10-18
236,Sisimiut,66.9395,-53.6735,26.17,43,2,20.69,GL,1634529195,2021-10-18
237,Ilulissat,69.2167,-51.1,17.29,47,1,21.79,GL,1634529198,2021-10-18
238,Tingi,-11.3,35.0333,64.29,75,71,7.27,TZ,1634529200,2021-10-18
239,Bayburt,40.2589,40.2278,44.82,90,88,1.97,TR,1634529202,2021-10-18
240,San Juan,-31.5375,-68.5364,63.03,27,14,18.01,AR,1634529205,2021-10-18
241,Gualaquiza,-3.4,-78.55,62.02,98,30,1.36,EC,1634529207,2021-10-18
242,Bethel,41.3712,-73.414,54.01,84,23,8.93,US,1634529209,2021-10-18
243,Sabha,27.0377,14.4283,72.19,28,26,10.4,LY,1634529211,2021-10-18
244,Ulaangom,49.9811,92.0667,41.36,42,0,2.71,MN,1634529213,2021-10-18
245,Geraldton,-28.7667,114.6,75.61,38,0,12.66,AU,1634529092,2021-10-18
246,Puerto Gaitan,4.3133,-72.0816,74.12,85,99,2.62,CO,1634529216,2021-10-18
247,Nyurba,63.2842,118.3319,28.15,94,100,11.32,RU,1634529218,2021-10-18
248,Owando,-0.4819,15.8999,71.71,93,100,2.66,CG,1634529220,2021-10-18
249,Qurbus,36.8167,10.5687,61.14,74,0,4.47,TN,1634529222,2021-10-18
250,Nanortalik,60.1432,-45.2371,32.25,96,96,3.22,GL,1634529224,2021-10-18
251,Douentza,14.9951,-2.9517,83.84,27,44,2.17,ML,1634529226,2021-10-18
252,Yicheng,31.3705,119.8703,59.5,67,100,6.73,CN,1634529228,2021-10-18
253,Shingu,33.7333,135.9833,67.19,73,100,5.5,JP,1634529012,2021-10-18
254,Namibe,-15.1961,12.1522,61.39,88,19,2.28,AO,1634529230,2021-10-18
255,Puerto Ayacucho,5.6639,-67.6236,75.9,91,100,1.7,VE,1634529233,2021-10-18
256,Buala,-8.145,159.5921,85.57,66,55,2.24,SB,1634529235,2021-10-18
257,Dingle,10.9995,122.6711,86.54,72,37,9.1,PH,1634529237,2021-10-18
258,Port-Gentil,-0.7193,8.7815,77.72,83,100,11.9,GA,1634529170,2021-10-18
259,Deputatskiy,69.3,139.9,-6.54,95,64,2.01,RU,1634529239,2021-10-18
260,Cidreira,-30.1811,-50.2056,61.21,81,84,12.86,BR,1634529241,2021-10-18
261,Dunedin,-45.8742,170.5036,53.8,73,90,1.01,NZ,1634529013,2021-10-18
262,Carutapera,-1.195,-46.02,77.76,85,52,5.44,BR,1634529245,2021-10-18
263,Mokhsogollokh,61.4681,128.9203,21.49,60,94,7.9,RU,1634529247,2021-10-18
264,Poum,-20.2333,164.0167,76.71,82,100,7.07,NC,1634529249,2021-10-18
265,Muros,42.7762,-9.0603,68.99,95,100,9.93,ES,1634529250,2021-10-18
266,Pio IX,-6.8375,-40.5792,78.96,37,80,9.02,BR,1634529254,2021-10-18
267,Roebourne,-20.7833,117.1333,86.13,31,4,13.33,AU,1634529256,2021-10-18
268,Saint-Augustin,51.226,-58.6502,42.75,92,100,20.29,CA,1634529257,2021-10-18
269,Grand-Santi,4.25,-54.3833,72.34,98,100,2.93,GF,1634529258,2021-10-18
270,Marsa Matruh,31.3525,27.2453,62.8,77,0,2.3,EG,1634529260,2021-10-18
271,Revda,56.801,59.9303,36.41,90,100,8.5,RU,1634529262,2021-10-18
272,Jati,24.3539,68.2671,85.44,37,1,12.57,PK,1634529264,2021-10-18
273,Srednekolymsk,67.45,153.6833,11.82,92,99,7.83,RU,1634529265,2021-10-18
274,Kirsanov,52.6549,42.7224,40.82,85,76,5.91,RU,1634529267,2021-10-18
275,Roald,62.5833,6.1333,38.34,93,37,10.36,NO,1634529269,2021-10-18
276,North Bend,43.4065,-124.2243,51.71,95,90,10.36,US,1634529273,2021-10-18
277,Vila Velha,-20.3297,-40.2925,73.35,78,90,4.61,BR,1634529275,2021-10-18
278,Lyaskelya,61.7667,31.0167,36.46,93,100,9.64,RU,1634529277,2021-10-18
279,Darasun,51.6667,114.0,36.14,40,0,7.94,RU,1634529279,2021-10-18
280,Yarmouth,41.7057,-70.2286,56.97,80,1,20.0,US,1634529280,2021-10-18
281,Baker City,44.7749,-117.8344,59.18,42,100,3.09,US,1634529281,2021-10-18
282,Saint George,37.1041,-113.5841,68.34,32,1,6.0,US,1634529285,2021-10-18
283,Sokolka,53.4072,23.5023,42.24,82,100,9.6,PL,1634529286,2021-10-18
284,Omboue,-1.5746,9.2618,75.22,86,93,5.75,GA,1634529288,2021-10-18
285,Awbari,26.5921,12.7805,73.18,19,10,5.53,LY,1634529290,2021-10-18
286,Sucre,-19.0333,-65.2627,57.29,64,93,6.69,BO,1634529292,2021-10-18
287,Skowhegan,44.7651,-69.7192,50.76,91,14,4.52,US,1634529294,2021-10-18
288,Togur,58.3631,82.8265,40.39,79,99,7.4,RU,1634529297,2021-10-18
289,Margate,51.3813,1.3862,56.91,88,100,1.01,GB,1634529299,2021-10-18
290,Leshukonskoye,64.8989,45.7622,35.51,97,100,8.97,RU,1634529301,2021-10-18
291,Victoria,48.4329,-123.3693,50.7,91,90,3.44,CA,1634529303,2021-10-18
292,Thaba Nchu,-29.2093,26.839,35.38,56,0,6.24,ZA,1634529305,2021-10-18
293,Tuatapere,-46.1333,167.6833,57.61,59,59,7.07,NZ,1634529307,2021-10-18
294,Gogrial,8.5332,28.1004,72.84,85,12,3.27,SS,1634529308,2021-10-18
295,Kirakira,-10.4544,161.9205,83.41,74,57,2.15,SB,1634529310,2021-10-18
296,Teberda,43.4456,41.7448,48.49,96,100,1.05,RU,1634529311,2021-10-18
297,Nampula,-15.1165,39.2666,67.95,88,20,9.22,MZ,1634529313,2021-10-18
298,Dwarka,22.2394,68.9678,83.14,57,7,14.36,IN,1634529211,2021-10-18
299,Minab,27.1467,57.0801,78.3,17,0,1.43,IR,1634529317,2021-10-18
300,High Level,58.5169,-117.136,32.11,93,75,2.3,CA,1634529321,2021-10-18
301,Klyuchi,52.2667,79.1667,44.11,56,74,7.14,RU,1634529323,2021-10-18
302,Bandarbeyla,9.4942,50.8122,78.73,79,22,13.94,SO,1634529326,2021-10-18
303,Abay,49.6311,72.8539,34.18,36,6,4.18,KZ,1634529329,2021-10-18
304,Najran,17.4924,44.1277,63.25,19,16,2.08,SA,1634529329,2021-10-18
305,Novorzhev,57.0294,29.3338,36.73,84,6,10.13,RU,1634529331,2021-10-18
306,Mahajanga,-15.7167,46.3167,71.62,73,20,3.44,MG,1634529333,2021-10-18
307,Kavieng,-2.5744,150.7967,86.18,64,65,12.75,PG,1634529335,2021-10-18
308,Rio Grande,-32.035,-52.0986,50.95,73,0,4.74,BR,1634529337,2021-10-18
309,Chokurdakh,70.6333,147.9167,-6.47,100,82,2.39,RU,1634529340,2021-10-18
310,Meylan,45.2199,5.7901,53.94,83,92,2.51,FR,1634529342,2021-10-18
311,Nanakuli,21.3906,-158.1547,77.11,68,90,0.0,US,1634529344,2021-10-18
312,La Ronge,55.1001,-105.2842,43.05,70,1,3.44,CA,1634529346,2021-10-18
313,Farafangana,-22.8167,47.8333,73.04,76,8,10.98,MG,1634529348,2021-10-18
314,Bangkal,6.0667,121.0667,85.91,68,26,1.74,PH,1634529350,2021-10-18
315,Luganville,-15.5333,167.1667,81.12,79,100,5.08,VU,1634529351,2021-10-18
316,Mitsamiouli,-11.3847,43.2844,77.29,78,20,17.27,KM,1634529352,2021-10-18
317,Baghdad,33.3406,44.4009,64.31,59,0,5.75,IQ,1634529354,2021-10-18
318,Adrar,27.8743,-0.2939,66.45,22,0,6.91,DZ,1634529195,2021-10-18
319,Qandala,11.472,49.8728,84.45,52,9,3.33,SO,1634529358,2021-10-18
320,Camacha,33.0833,-16.3333,67.42,83,20,5.75,PT,1634529360,2021-10-18
321,Evensk,61.95,159.2333,19.26,62,100,25.21,RU,1634529362,2021-10-18
322,Pedernales,18.0384,-71.744,81.21,77,98,1.34,DO,1634529364,2021-10-18
323,Skibbereen,51.55,-9.2667,57.0,97,100,22.91,IE,1634529365,2021-10-18
324,Qianan,44.9932,124.0581,43.74,35,47,13.53,CN,1634529368,2021-10-18
325,Inhambane,-23.865,35.3833,75.18,100,75,0.0,MZ,1634529370,2021-10-18
326,Chernyshevskiy,63.0128,112.4714,32.05,86,100,14.18,RU,1634529372,2021-10-18
327,Roma,41.8947,12.4839,58.59,75,0,3.0,IT,1634529374,2021-10-18
328,Hongjiang,27.11,109.9956,68.4,58,56,1.72,CN,1634529376,2021-10-18
329,Bat Yam,32.0231,34.7503,69.91,75,75,2.3,IL,1634529377,2021-10-18
330,Celestun,20.8667,-90.4,79.57,83,100,12.71,MX,1634529379,2021-10-18
331,Acari,-15.4311,-74.6158,66.25,79,55,3.89,PE,1634529381,2021-10-18
332,Timizart,36.8,4.2667,59.11,70,16,4.9,DZ,1634529383,2021-10-18
333,Fairbanks,64.8378,-147.7164,31.3,75,90,0.0,US,1634529385,2021-10-18
334,Eirunepe,-6.6603,-69.8736,73.2,98,100,1.83,BR,1634529387,2021-10-18
335,Iquitos,-3.7481,-73.2472,77.04,94,20,0.0,PE,1634529391,2021-10-18
336,Daraitan,14.6028,121.4319,82.71,87,100,8.19,PH,1634529396,2021-10-18
337,Lorengau,-2.0226,147.2712,85.69,68,17,12.48,PG,1634529396,2021-10-18
338,Shimoda,34.6667,138.95,62.96,60,52,17.27,JP,1634529354,2021-10-18
339,Jakar,27.5492,90.7525,57.74,97,97,2.55,BT,1634529398,2021-10-18
340,Ati,13.2154,18.3353,83.17,39,55,7.34,TD,1634529399,2021-10-18
341,Zaoyang,32.1272,112.7542,59.32,49,87,8.03,CN,1634529401,2021-10-18
342,Moron,-34.6534,-58.6198,62.78,58,11,4.27,AR,1634529402,2021-10-18
343,Xam Nua,20.4197,104.0439,61.92,92,100,1.77,LA,1634529404,2021-10-18
344,Baherden,38.4362,57.4316,61.84,15,0,8.01,TM,1634529405,2021-10-18
345,Cartagena,10.3997,-75.5144,83.82,79,40,4.61,CO,1634529406,2021-10-18
346,Kadyy,57.787,43.1903,38.05,96,100,5.12,RU,1634529408,2021-10-18
347,Kahului,20.8947,-156.47,77.85,83,100,11.01,US,1634529410,2021-10-18
348,Muncar,-8.4333,114.3333,90.57,54,7,6.67,ID,1634529412,2021-10-18
349,Belaya Gora,68.5333,146.4167,6.37,84,74,1.28,RU,1634529413,2021-10-18
350,Jiayuguan,39.8167,98.3,51.93,18,98,5.84,CN,1634529266,2021-10-18
351,Balsas,-7.5325,-46.0356,84.0,51,99,1.45,BR,1634529416,2021-10-18
352,Kavaratti,10.5669,72.642,81.68,77,100,14.34,IN,1634529419,2021-10-18
353,Oussouye,12.485,-16.5469,80.78,81,100,2.62,SN,1634529419,2021-10-18
354,Esperance,-33.8667,121.9,71.44,64,0,12.26,AU,1634529423,2021-10-18
355,Along,28.1667,94.7667,84.47,64,71,0.85,IN,1634529425,2021-10-18
356,Santa Maria,-29.6842,-53.8069,56.5,88,0,6.91,BR,1634529426,2021-10-18
357,Necochea,-38.5473,-58.7368,44.6,82,0,2.98,AR,1634529428,2021-10-18
358,Matanzas,23.0411,-81.5775,75.51,79,19,3.96,CU,1634529433,2021-10-18
359,Shakiso,5.75,38.9167,58.12,83,54,2.66,ET,1634529434,2021-10-18
360,Bolobo,-2.1667,16.2333,71.28,98,100,0.27,CD,1634529436,2021-10-18
361,Clyde River,70.4692,-68.5914,29.26,79,100,16.04,CA,1634529438,2021-10-18
362,Solnechnyy,50.7214,136.6319,29.3,52,99,2.15,RU,1634529441,2021-10-18
363,Faanui,-16.4833,-151.75,80.71,78,15,16.37,PF,1634529441,2021-10-18
364,Dolores,-36.3132,-57.6792,47.39,96,78,4.34,AR,1634529443,2021-10-18
365,Hofn,64.2539,-15.2082,39.25,86,100,20.49,IS,1634529185,2021-10-18
366,Uvarovo,51.9849,42.2615,40.14,90,59,6.33,RU,1634529446,2021-10-18
367,Port Keats,-14.25,129.55,90.64,54,99,11.41,AU,1634529448,2021-10-18
368,Mahibadhoo,3.7833,72.9667,82.04,75,82,16.17,MV,1634529449,2021-10-18
369,Beaupre,47.0443,-70.8953,50.86,93,72,1.14,CA,1634529450,2021-10-18
370,Thunder Bay,48.4001,-89.3168,44.56,88,1,3.44,CA,1634529452,2021-10-18
371,Kaseda,31.4167,130.3167,69.03,54,100,4.05,JP,1634529453,2021-10-18
372,Saint Anthony,45.0205,-93.218,56.3,62,1,1.99,US,1634529454,2021-10-18
373,Christchurch,-43.5333,172.6333,60.94,71,75,11.99,NZ,1634529214,2021-10-18
374,Zelenogorskiy,55.0333,87.0,39.72,69,3,5.21,RU,1634529457,2021-10-18
375,Yarada,17.65,83.2667,86.32,79,40,4.61,IN,1634529459,2021-10-18
376,Xingtai,37.0631,114.4942,62.15,48,14,5.19,CN,1634529460,2021-10-18
377,West Plains,36.7281,-91.8524,53.33,89,0,1.01,US,1634529460,2021-10-18
378,Naze,28.3667,129.4833,77.92,54,100,11.59,JP,1634529370,2021-10-18
379,Saint-Joseph,-21.3667,55.6167,77.47,73,22,10.38,RE,1634529463,2021-10-18
380,Reconquista,-29.15,-59.65,56.05,69,0,7.07,AR,1634529465,2021-10-18
381,Itoman,26.1247,127.6694,81.37,58,40,16.11,JP,1634529237,2021-10-18
382,Dapaong,10.8639,0.205,77.0,66,83,1.88,TG,1634529468,2021-10-18
383,Staroaleyskoye,51.0061,82.0,42.85,58,3,0.34,RU,1634529471,2021-10-18
384,Campeche,19.85,-90.5333,76.75,88,100,7.65,MX,1634529472,2021-10-18
385,Goderich,43.7501,-81.7165,56.91,58,28,24.16,CA,1634529473,2021-10-18
386,Santa Marinella,42.0345,11.8536,58.71,75,0,3.94,IT,1634529475,2021-10-18
387,Black River,18.0264,-77.8487,80.6,83,97,3.47,JM,1634529478,2021-10-18
388,Vila Franca do Campo,37.7167,-25.4333,72.01,93,100,11.99,PT,1634529480,2021-10-18
389,Demmin,53.9076,13.0314,51.04,93,100,7.38,DE,1634529483,2021-10-18
390,Ust-Koksa,50.2696,85.6108,40.19,61,13,0.87,RU,1634529485,2021-10-18
391,Zyryanka,65.75,150.85,12.4,80,100,13.94,RU,1634529485,2021-10-18
392,Bonthe,7.5264,-12.505,77.23,86,94,4.45,SL,1634529488,2021-10-18
393,Paita,-5.0892,-81.1144,64.92,86,76,11.45,PE,1634529490,2021-10-18
394,Chegutu,-18.1302,30.1407,69.39,60,4,10.2,ZW,1634529492,2021-10-18
395,Mirabad,30.4362,61.8383,65.97,12,0,6.55,AF,1634529493,2021-10-18
396,Phan Thiet,10.9333,108.1,84.42,75,100,5.08,VN,1634529494,2021-10-18
397,Novyy Urengoy,66.0833,76.6333,38.32,94,100,16.55,RU,1634529495,2021-10-18
398,Mpika,-11.8343,31.4529,65.95,53,35,1.52,ZM,1634529496,2021-10-18
399,Zhumadian,32.9794,114.0294,61.45,47,70,8.12,CN,1634529497,2021-10-18
400,Ruzsa,46.2881,19.7471,37.78,67,7,3.65,HU,1634529497,2021-10-18
401,San Patricio,19.2167,-104.7,78.48,88,1,5.15,MX,1634529498,2021-10-18
402,Nalut,31.8685,10.9812,61.72,43,100,3.18,LY,1634529499,2021-10-18
403,Altoona,40.5187,-78.3947,48.63,81,10,1.01,US,1634529299,2021-10-18
404,Danielskuil,-28.1887,23.5395,37.63,60,0,11.25,ZA,1634529500,2021-10-18
405,Opoczno,51.3757,20.2783,46.22,86,100,7.65,PL,1634529501,2021-10-18
406,Palu,-0.8917,119.8707,90.64,61,45,3.24,ID,1634529502,2021-10-18
407,Nouadhibou,20.931,-17.0347,74.1,58,1,15.19,MR,1634529503,2021-10-18
408,Nome,64.5011,-165.4064,21.16,80,42,6.8,US,1634529504,2021-10-18
409,Port Blair,11.6667,92.75,83.89,75,87,10.25,IN,1634529505,2021-10-18
410,Tefe,-3.3542,-64.7114,75.24,91,74,0.89,BR,1634529506,2021-10-18
411,Praia da Vitoria,38.7333,-27.0667,69.76,83,40,9.78,PT,1634529506,2021-10-18
412,Parrita,9.5201,-84.3225,78.57,91,100,3.44,CR,1634529508,2021-10-18
413,Klaksvik,62.2266,-6.589,49.12,83,100,27.76,FO,1634529509,2021-10-18
414,Aliganj,27.5,79.1833,74.95,96,100,5.39,IN,1634529510,2021-10-18
415,Bilibino,68.0546,166.4372,-4.13,96,61,5.46,RU,1634529511,2021-10-18
416,Cassilandia,-19.1133,-51.7342,73.27,87,43,1.43,BR,1634529512,2021-10-18
417,Mende,44.5167,3.5,44.76,71,42,3.06,FR,1634529512,2021-10-18
418,Morondava,-20.2833,44.2833,78.51,69,90,2.66,MG,1634529513,2021-10-18
419,Bubaque,11.2833,-15.8333,81.16,66,99,1.92,GW,1634529514,2021-10-18
420,Pangody,65.85,74.4859,40.15,88,100,20.02,RU,1634529515,2021-10-18
421,Kununurra,-15.7667,128.7333,102.18,25,100,6.91,AU,1634529516,2021-10-18
422,Mutoko,-17.397,32.2268,72.34,45,39,8.5,ZW,1634529517,2021-10-18
423,Kaeo,-35.1,173.7833,74.32,58,0,8.61,NZ,1634529517,2021-10-18
424,Nantucket,41.2835,-70.0995,56.97,77,13,20.98,US,1634529518,2021-10-18
425,San Carlos de Bariloche,-41.1456,-71.3082,44.35,81,0,8.05,AR,1634529519,2021-10-18
426,Zhaotong,27.3167,103.7167,51.75,90,100,2.13,CN,1634529520,2021-10-18
427,Imbituba,-28.24,-48.6703,61.83,92,100,3.47,BR,1634529521,2021-10-18
428,Barra do Garcas,-15.89,-52.2567,77.23,78,82,0.54,BR,1634529422,2021-10-18
429,Beringovskiy,63.05,179.3167,29.8,84,100,8.88,RU,1634529523,2021-10-18
430,Ponta Delgada,37.7333,-25.6667,72.32,100,75,9.22,PT,1634529523,2021-10-18
431,Severodvinsk,64.5635,39.8302,35.71,97,100,9.26,RU,1634529524,2021-10-18
432,Chanute,37.6792,-95.4572,55.62,59,0,10.38,US,1634529525,2021-10-18
433,Belawan,3.7755,98.6832,79.09,90,100,3.31,ID,1634529526,2021-10-18
434,Staryy Nadym,65.6118,72.6842,39.11,77,87,23.67,RU,1634529527,2021-10-18
435,Llangefni,53.2556,-4.3106,57.72,88,75,12.66,GB,1634529527,2021-10-18
436,Saint-Georges,46.6247,-72.6577,50.34,76,99,4.61,CA,1634529528,2021-10-18
437,Batagay,67.6333,134.6333,7.84,80,82,3.36,RU,1634529530,2021-10-18
438,Havelock,34.8791,-76.9013,58.93,79,0,6.78,US,1634529531,2021-10-18
439,Nong Bua,15.8646,100.5858,73.38,96,100,0.69,TH,1634529531,2021-10-18
440,Uvira,-3.4067,29.1458,73.96,81,98,3.69,CD,1634529532,2021-10-18
441,Chistogorskiy,53.9835,87.3843,42.73,67,5,5.03,RU,1634529534,2021-10-18
442,Hokitika,-42.7167,170.9667,55.65,93,60,12.08,NZ,1634529535,2021-10-18
443,Riberalta,-10.9833,-66.1,73.76,81,34,2.42,BO,1634529535,2021-10-18
444,Irati,-25.4672,-50.6511,54.72,99,100,5.21,BR,1634529536,2021-10-18
445,Kieta,-6.2167,155.6333,84.43,65,88,4.72,PG,1634529537,2021-10-18
446,Surt,31.2089,16.5887,70.41,66,100,11.12,LY,1634529538,2021-10-18
447,Illela,13.7292,5.2975,78.46,72,67,5.68,NG,1634529539,2021-10-18
448,Misratah,32.3754,15.0925,72.54,59,100,6.17,LY,1634529540,2021-10-18
449,Ishigaki,24.3448,124.1572,78.93,65,40,12.66,JP,1634529541,2021-10-18
450,Gigmoto,13.7796,124.39,84.92,74,76,7.76,PH,1634529542,2021-10-18
451,Richmond,37.5538,-77.4603,51.15,85,1,8.05,US,1634529293,2021-10-18
452,Kotelnich,58.3089,48.348,38.86,96,100,6.73,RU,1634529544,2021-10-18
453,Killybegs,54.6333,-8.45,56.44,93,100,14.76,IE,1634529545,2021-10-18
454,Sainte-Maxime,43.3,6.6333,58.95,74,91,4.81,FR,1634529546,2021-10-18
455,Seshcha,53.7361,33.3387,40.32,85,100,10.49,RU,1634529547,2021-10-18
456,Antofagasta,-23.65,-70.4,56.48,72,42,5.44,CL,1634529547,2021-10-18
457,Boda,4.3189,17.4695,69.12,97,100,1.95,CF,1634529549,2021-10-18
458,Port Shepstone,-30.7414,30.455,56.71,64,12,17.96,ZA,1634529550,2021-10-18
459,Zhangye,38.9342,100.4517,56.46,17,50,2.51,CN,1634529550,2021-10-18
460,Zhigansk,66.7697,123.3711,19.45,89,100,21.54,RU,1634529552,2021-10-18
461,Shu,43.5983,73.7614,55.81,33,5,3.44,KZ,1634529553,2021-10-18
462,Raymondville,26.4815,-97.7831,73.9,64,98,5.93,US,1634529553,2021-10-18
463,Bathsheba,13.2167,-59.5167,81.21,83,40,8.05,BB,1634529554,2021-10-18
464,Bud,39.447,-86.1758,52.32,82,25,6.22,US,1634529555,2021-10-18
465,Riverton,40.5219,-111.9391,60.73,43,1,4.0,US,1634529556,2021-10-18
466,West Wendover,40.7391,-114.0733,58.08,31,60,2.33,US,1634529557,2021-10-18
467,Ligayan,4.6533,119.4706,83.82,73,66,5.28,PH,1634529557,2021-10-18
468,Husavik,66.0449,-17.3389,33.71,94,100,30.8,IS,1634529558,2021-10-18
469,Charlestown,-32.95,151.6667,80.94,51,99,4.0,AU,1634529559,2021-10-18
470,Jawhar,2.7809,45.5005,78.1,79,99,10.27,SO,1634529560,2021-10-18
471,Kupang,-10.1667,123.5833,90.18,66,20,11.5,ID,1634529561,2021-10-18
472,Boshkengash,38.4661,68.8053,53.94,43,20,6.71,TJ,1634529562,2021-10-18
473,Escanaba,45.7453,-87.0646,46.94,60,4,1.01,US,1634529563,2021-10-18
474,Beira,-19.8436,34.8389,78.89,83,75,8.01,MZ,1634529564,2021-10-18
475,Hit,33.6416,42.8251,70.09,43,23,9.1,IQ,1634529564,2021-10-18
476,San Vicente,-26.6167,-54.1333,55.26,100,31,3.18,AR,1634529565,2021-10-18
477,Abu Dhabi,24.4667,54.3667,78.91,73,0,2.3,AE,1634529566,2021-10-18
478,Juneau,58.3019,-134.4197,37.85,93,99,5.06,US,1634529363,2021-10-18
479,Pitimbu,-7.4706,-34.8086,77.59,80,96,9.57,BR,1634529568,2021-10-18
480,Pierre,44.3683,-100.351,56.86,65,3,1.99,US,1634529569,2021-10-18
481,Alpena,45.0617,-83.4327,51.12,81,38,3.0,US,1634529570,2021-10-18
482,Vila,42.0304,-8.1588,56.75,98,100,3.87,PT,1634529570,2021-10-18
483,Manicore,-5.8092,-61.3003,71.53,98,100,1.79,BR,1634529571,2021-10-18
484,Kawalu,-7.3817,108.2082,88.14,56,59,5.73,ID,1634529573,2021-10-18
485,Susangerd,31.5608,48.1831,75.22,17,10,17.69,IR,1634529574,2021-10-18
486,Kizema,61.113,44.8302,36.18,82,96,10.02,RU,1634529574,2021-10-18
487,Bambanglipuro,-7.95,110.2833,90.81,53,60,5.37,ID,1634529575,2021-10-18
488,Chitrakonda,18.1167,82.0833,79.75,83,100,2.08,IN,1634529576,2021-10-18
489,Nongpoh,25.9,91.8833,82.78,94,99,0.98,IN,1634529577,2021-10-18
490,Beyneu,45.3167,55.2,50.68,50,46,10.78,KZ,1634529578,2021-10-18
491,Yerbogachen,61.2767,108.0108,33.22,83,100,12.24,RU,1634529578,2021-10-18
492,Muscat,23.6139,58.5922,86.16,36,0,2.98,OM,1634529579,2021-10-18
493,Tibati,6.4667,12.6333,66.78,97,100,3.09,CM,1634529580,2021-10-18
494,Polson,47.6936,-114.1632,51.76,61,88,1.36,US,1634529581,2021-10-18
495,Rantauprapat,2.1,99.8333,82.6,70,100,3.29,ID,1634529582,2021-10-18
496,Adamas,36.7333,24.4333,60.22,72,10,13.62,GR,1634529582,2021-10-18
497,Darhan,49.4867,105.9228,39.49,49,3,7.63,MN,1634529583,2021-10-18
498,Xacmaz,41.4635,48.806,61.9,87,90,7.65,AZ,1634529584,2021-10-18
499,Suamico,44.6319,-88.0393,52.57,60,4,3.0,US,1634529585,2021-10-18
500,Zheleznodorozhnyy,55.7503,38.0042,43.21,82,100,9.24,RU,1634529586,2021-10-18
501,Palora,-1.7,-77.9333,64.26,95,78,2.68,EC,1634529586,2021-10-18
502,Nemuro,43.3236,145.575,50.43,49,5,7.61,JP,1634529587,2021-10-18
503,Jiangyou,31.7667,104.7167,60.85,70,57,4.56,CN,1634529588,2021-10-18
504,Deer Lake,49.1667,-57.4316,40.86,87,90,13.8,CA,1634529589,2021-10-18
505,Lieksa,63.3167,30.0167,35.53,89,98,13.27,FI,1634529590,2021-10-18
506,Huarmey,-10.0681,-78.1522,63.43,87,100,7.96,PE,1634529590,2021-10-18
507,Swan River,52.1058,-101.2676,42.69,75,7,4.61,CA,1634529591,2021-10-18
508,Nicoya,10.1483,-85.452,72.95,97,100,2.95,CR,1634529592,2021-10-18
509,Lagoa Santa,-19.6272,-43.8897,72.01,88,75,12.66,BR,1634529594,2021-10-18
510,Port Lavaca,28.615,-96.6261,64.45,70,1,4.61,US,1634529595,2021-10-18
511,Pasighat,28.0667,95.3333,89.22,53,37,2.75,IN,1634529596,2021-10-18
512,Kovdor,67.5662,30.4758,32.81,93,100,14.45,RU,1634529597,2021-10-18
513,Lavumisa,-27.31,31.892,58.15,86,100,9.33,SZ,1634529597,2021-10-18
514,Mount Isa,-20.7333,139.5,98.37,12,29,6.91,AU,1634529598,2021-10-18
515,Verkhnevilyuysk,63.4453,120.3167,25.48,92,100,9.55,RU,1634529599,2021-10-18
516,Oyon,-10.6681,-76.7731,44.82,93,98,1.12,PE,1634529600,2021-10-18
517,Paamiut,61.994,-49.6678,32.27,36,1,6.71,GL,1634529601,2021-10-18
518,Praya,-8.7054,116.2704,89.46,58,75,3.44,ID,1634529605,2021-10-18
519,Koyelga,54.6522,60.9049,48.02,58,100,7.78,RU,1634529607,2021-10-18
520,Miri,4.4148,114.0089,85.62,71,17,6.49,MY,1634529609,2021-10-18
521,Marystown,47.1666,-55.1483,48.85,100,78,1.99,CA,1634529614,2021-10-18
522,Kloulklubed,7.0419,134.2556,86.5,73,50,11.23,PW,1634529624,2021-10-18
523,Cap Malheureux,-19.9842,57.6142,77.47,72,73,11.99,MU,1634529628,2021-10-18
524,Marfino,55.7028,37.3822,42.94,87,20,8.95,RU,1634529629,2021-10-18
525,Mahebourg,-20.4081,57.7,77.25,71,75,16.6,MU,1634529631,2021-10-18
526,Chauk,20.8833,94.8167,82.02,77,97,4.54,MM,1634529632,2021-10-18
527,Oranjestad,12.524,-70.027,83.21,80,2,13.78,AW,1634529633,2021-10-18
528,Hay River,60.8156,-115.7999,30.72,79,26,7.76,CA,1634529634,2021-10-18
529,Krutikha,53.9599,81.2093,41.86,68,100,6.13,RU,1634529635,2021-10-18
530,Ahuimanu,21.4447,-157.8378,79.75,70,90,17.63,US,1634529636,2021-10-18
531,Ruthin,53.1137,-3.3178,54.75,92,100,1.01,GB,1634529636,2021-10-18
532,Parana,-31.732,-60.5238,57.29,90,6,6.89,AR,1634529637,2021-10-18
533,Haimen,23.1935,116.6142,75.06,65,15,12.48,CN,1634529638,2021-10-18
534,Faxinal,-24.0003,-51.3194,62.73,98,100,0.83,BR,1634529639,2021-10-18
535,Isangel,-19.55,169.2667,78.03,82,100,3.83,VU,1634529640,2021-10-18
536,Vilyuysk,63.7553,121.6247,24.21,92,100,9.24,RU,1634529641,2021-10-18
537,Sioux Lookout,50.1001,-91.917,42.8,72,0,4.09,CA,1634529642,2021-10-18
538,Kudahuvadhoo,2.6708,72.8944,83.08,71,42,14.56,MV,1634529642,2021-10-18
539,Jumla,29.2747,82.1838,56.61,93,96,4.38,NP,1634529643,2021-10-18
540,Sembabule,-0.0772,31.4567,61.97,95,93,3.47,UG,1634529644,2021-10-18
541,Damaturu,11.747,11.9608,80.71,62,23,2.62,NG,1634529645,2021-10-18
542,Coquimbo,-29.9533,-71.3436,53.33,93,0,2.3,CL,1634529497,2021-10-18
543,Polis,35.0367,32.4264,71.42,84,86,10.56,CY,1634529647,2021-10-18
544,Eagle Pass,28.7091,-100.4995,65.26,37,1,8.48,US,1634529626,2021-10-18
545,Portland,45.5234,-122.6762,54.48,87,100,1.99,US,1634529425,2021-10-18
546,Sterling,39.0062,-77.4286,53.58,81,1,1.01,US,1634529576,2021-10-18
547,Eydhafushi,5.1033,73.0708,81.81,76,100,19.1,MV,1634529651,2021-10-18
548,Gouyave,12.1646,-61.7296,81.57,77,73,9.98,GD,1634529652,2021-10-18
549,Abnub,27.2696,31.1511,70.9,40,79,5.88,EG,1634529652,2021-10-18
550,Lengshuijiang,27.6881,111.4294,65.17,63,48,2.13,CN,1634529653,2021-10-18
551,The Valley,18.217,-63.0578,83.1,71,16,2.44,AI,1634529654,2021-10-18
552,Srivardhan,18.0333,73.0167,83.43,68,5,3.09,IN,1634529655,2021-10-18
553,Eldorado,-23.7869,-54.2836,65.08,93,100,4.34,BR,1634529656,2021-10-18
554,Iberia,-11.35,-69.5833,76.32,72,95,0.81,PE,1634529657,2021-10-18
555,Amahai,-3.3333,128.9167,85.48,69,83,5.26,ID,1634529658,2021-10-18
556,Churapcha,62.0025,132.4325,17.35,71,100,6.73,RU,1634529658,2021-10-18
557,Nikolayevka,53.1257,47.2041,47.12,86,100,4.21,RU,1634529659,2021-10-18
558,Udachnyy,66.4167,112.4,33.84,99,100,18.63,RU,1634529660,2021-10-18
559,Baykit,61.67,96.37,38.53,86,98,3.42,RU,1634529662,2021-10-18
